n_policy,PPO_Ant_seed1_relative_best_last_deg_paired_diff_probpos,PPO_Ant_seed2_relative_best_last_deg_paired_diff_probpos,PPO_Ant_seed3_relative_best_last_deg_paired_diff_probpos,PPO_Ant_seed4_relative_best_last_deg_paired_diff_probpos,PPO_Humanoid_seed1_relative_best_last_deg_paired_diff_probpos,PPO_Humanoid_seed2_relative_best_last_deg_paired_diff_probpos,PPO_Humanoid_seed3_relative_best_last_deg_paired_diff_probpos,PPO_Humanoid_seed4_relative_best_last_deg_paired_diff_probpos,PPO_HumanoidStandup_seed1_relative_best_last_deg_paired_diff_probpos,PPO_Ant_seed5_relative_best_last_deg_paired_diff_probpos,PPO_Ant_seed6_relative_best_last_deg_paired_diff_probpos,PPO_Ant_seed7_relative_best_last_deg_paired_diff_probpos,PPO_Ant_seed8_relative_best_last_deg_paired_diff_probpos,PPO_Ant_seed9_relative_best_last_deg_paired_diff_probpos,PPO_Ant_seed10_relative_best_last_deg_paired_diff_probpos,PPO_Humanoid_seed5_relative_best_last_deg_paired_diff_probpos,PPO_Humanoid_seed6_relative_best_last_deg_paired_diff_probpos,PPO_Humanoid_seed7_relative_best_last_deg_paired_diff_probpos,PPO_Humanoid_seed8_relative_best_last_deg_paired_diff_probpos,PPO_Humanoid_seed9_relative_best_last_deg_paired_diff_probpos,PPO_Humanoid_seed10_relative_best_last_deg_paired_diff_probpos,PPO_HumanoidStandup_seed2_relative_best_last_deg_paired_diff_probpos,PPO_HumanoidStandup_seed3_relative_best_last_deg_paired_diff_probpos,PPO_HumanoidStandup_seed4_relative_best_last_deg_paired_diff_probpos,PPO_HumanoidStandup_seed5_relative_best_last_deg_paired_diff_probpos,PPO_HumanoidStandup_seed6_relative_best_last_deg_paired_diff_probpos,PPO_HumanoidStandup_seed7_relative_best_last_deg_paired_diff_probpos,PPO_HumanoidStandup_seed8_relative_best_last_deg_paired_diff_probpos,PPO_HumanoidStandup_seed9_relative_best_last_deg_paired_diff_probpos,PPO_HumanoidStandup_seed10_relative_best_last_deg_paired_diff_probpos,PPO_HalfCheetah_seed1_relative_best_last_deg_paired_diff_probpos,PPO_HalfCheetah_seed2_relative_best_last_deg_paired_diff_probpos,PPO_HalfCheetah_seed3_relative_best_last_deg_paired_diff_probpos,PPO_HalfCheetah_seed4_relative_best_last_deg_paired_diff_probpos,PPO_HalfCheetah_seed5_relative_best_last_deg_paired_diff_probpos,PPO_HalfCheetah_seed6_relative_best_last_deg_paired_diff_probpos,PPO_HalfCheetah_seed7_relative_best_last_deg_paired_diff_probpos,PPO_HalfCheetah_seed8_relative_best_last_deg_paired_diff_probpos,PPO_HalfCheetah_seed9_relative_best_last_deg_paired_diff_probpos,PPO_HalfCheetah_seed10_relative_best_last_deg_paired_diff_probpos,PPO_Walker2d_seed1_relative_best_last_deg_paired_diff_probpos,PPO_Walker2d_seed2_relative_best_last_deg_paired_diff_probpos,PPO_Walker2d_seed3_relative_best_last_deg_paired_diff_probpos,PPO_Walker2d_seed4_relative_best_last_deg_paired_diff_probpos,PPO_Walker2d_seed5_relative_best_last_deg_paired_diff_probpos,PPO_Walker2d_seed6_relative_best_last_deg_paired_diff_probpos,PPO_Walker2d_seed7_relative_best_last_deg_paired_diff_probpos,PPO_Walker2d_seed8_relative_best_last_deg_paired_diff_probpos,PPO_Walker2d_seed9_relative_best_last_deg_paired_diff_probpos,PPO_Walker2d_seed10_relative_best_last_deg_paired_diff_probpos
29,1.0,1.0,1.0,1.0,1.0,1.0,0.998,1.0,0.988,1.0,1.0,1.0,1.0,1.0,1.0,0.994,0.0,1.0,0.998,0.998,0.998,0.958,0.506,1.0,0.98,0.552,0.862,0.894,0.982,0.63,0.956,0.976,1.0,0.856,0.696,1.0,1.0,1.0,1.0,0.728,0.958,0.77,0.988,0.614,1.0,1.0,0.0,1.0,0.95,0.99
30,1.0,1.0,1.0,1.0,1.0,1.0,0.924,1.0,0.99,1.0,1.0,1.0,1.0,1.0,1.0,0.996,0.738,0.998,1.0,0.986,0.998,0.962,0.464,1.0,0.976,0.518,0.896,0.946,0.966,0.714,0.914,0.974,0.998,0.834,0.536,1.0,1.0,0.848,0.974,0.494,0.982,0.884,0.966,1.0,1.0,1.0,0.996,1.0,0.998,0.924
31,1.0,1.0,1.0,0.996,1.0,1.0,0.994,1.0,0.992,1.0,1.0,1.0,1.0,1.0,1.0,0.992,0.716,1.0,0.998,1.0,0.962,0.954,0.468,1.0,0.994,0.756,0.774,0.96,0.938,0.432,0.0,0.976,0.0,0.928,0.862,1.0,1.0,0.916,1.0,0.516,0.886,0.846,0.66,1.0,1.0,1.0,1.0,0.976,0.0,0.51
32,1.0,1.0,1.0,0.994,1.0,1.0,0.974,0.996,0.99,1.0,1.0,1.0,1.0,1.0,0.998,0.984,0.858,1.0,0.996,1.0,0.752,0.948,0.406,0.778,0.772,0.82,0.738,0.982,0.974,0.0,0.958,0.914,0.934,0.94,0.836,1.0,1.0,0.99,0.932,0.568,0.928,0.872,0.694,0.9,0.564,1.0,0.98,0.992,0.758,1.0
33,1.0,1.0,1.0,0.994,1.0,1.0,0.998,1.0,0.988,1.0,1.0,1.0,1.0,1.0,1.0,0.844,0.0,0.99,0.984,0.552,0.992,0.944,0.488,0.798,0.756,0.696,0.694,0.772,0.954,0.546,0.982,0.596,0.946,0.976,0.926,0.972,0.862,0.998,0.758,0.858,0.952,0.994,0.97,0.0,0.986,1.0,0.0,1.0,0.996,0.832
34,1.0,1.0,1.0,0.994,0.922,1.0,1.0,0.982,0.992,1.0,1.0,1.0,0.996,1.0,0.996,0.698,0.79,0.878,0.956,0.882,0.838,0.96,0.706,0.826,0.8,0.698,0.0,0.662,0.946,0.614,0.472,0.994,0.582,0.976,0.768,0.942,0.708,0.684,0.774,0.682,0.702,0.898,0.0,1.0,0.862,1.0,0.946,0.988,1.0,0.0
35,0.996,1.0,0.998,0.98,0.758,0.986,1.0,0.936,0.982,1.0,1.0,0.992,0.998,0.998,1.0,0.572,0.592,0.772,0.77,0.656,0.936,0.952,0.73,0.854,0.79,0.858,0.556,0.576,0.98,0.604,0.3,0.96,0.964,0.99,0.818,0.0,0.838,0.998,0.0,0.0,0.0,0.974,0.994,1.0,0.922,1.0,0.0,0.996,1.0,0.606
36,0.994,1.0,1.0,0.98,0.0,0.992,0.996,0.0,0.982,0.996,0.996,0.992,0.994,1.0,1.0,0.838,0.896,0.692,0.74,0.0,0.894,0.784,0.638,0.82,0.774,0.904,0.672,0.0,0.976,0.628,0.724,0.83,0.0,0.0,0.0,0.992,0.958,0.998,0.97,0.528,0.748,0.872,0.79,1.0,0.958,0.96,0.908,1.0,0.988,1.0
37,0.992,1.0,1.0,0.976,0.874,0.78,0.856,0.922,0.992,0.996,0.984,0.99,0.944,0.994,0.996,0.588,0.0,0.716,0.704,0.89,0.774,0.802,0.786,0.836,0.75,0.888,0.818,0.626,0.982,0.608,0.732,0.954,0.95,0.69,0.69,0.978,0.77,0.99,0.69,0.714,0.946,0.974,0.648,0.996,0.916,1.0,0.0,1.0,1.0,0.982
38,0.986,0.996,0.99,0.982,0.82,0.78,0.51,0.88,0.976,0.97,0.968,0.974,0.944,0.986,0.998,0.0,0.82,0.612,0.694,0.812,0.872,0.81,0.804,0.698,0.806,0.878,0.754,0.676,0.984,0.76,0.694,0.0,0.822,0.958,0.86,0.976,0.796,0.884,0.944,0.0,0.0,0.0,0.0,0.998,0.982,0.78,0.968,1.0,0.0,0.0
39,0.958,0.976,0.992,0.98,0.758,0.576,0.634,0.722,0.966,0.974,0.948,0.972,0.946,0.97,0.99,0.87,0.954,0.0,0.766,0.938,0.796,0.834,0.854,0.714,0.82,0.896,0.754,0.702,0.994,0.852,0.754,0.786,0.976,0.672,0.816,0.866,0.596,0.688,0.978,0.634,0.994,0.734,0.9,0.552,0.0,0.958,0.756,0.712,0.962,0.756
40,0.938,0.962,0.982,0.936,0.9,0.818,0.764,0.75,0.95,0.96,0.94,0.942,0.94,0.93,0.954,0.774,0.766,0.532,0.878,0.86,0.656,0.832,0.82,0.772,0.856,0.892,0.734,0.716,0.994,0.868,0.664,0.8,0.766,0.688,0.0,0.922,0.65,0.824,0.0,0.0,0.97,0.0,0.72,1.0,0.962,0.998,0.0,1.0,0.976,1.0
41,0.942,0.946,0.926,0.878,0.858,0.0,0.698,0.876,0.912,0.928,0.922,0.874,0.9,0.888,0.92,0.0,0.756,0.646,0.606,0.868,0.82,0.81,0.892,0.66,0.674,0.876,0.678,0.75,0.834,0.744,0.586,0.97,0.982,0.942,0.814,0.718,0.0,1.0,0.794,0.62,0.984,0.776,0.614,0.706,0.0,0.984,0.716,0.736,0.544,1.0
42,0.922,0.9,0.904,0.858,0.656,0.634,0.9,0.862,0.888,0.892,0.908,0.856,0.852,0.9,0.916,0.872,0.936,0.0,0.61,0.668,0.826,0.908,0.824,0.59,0.648,0.802,0.592,0.738,0.848,0.882,0.576,0.518,0.94,0.86,0.68,0.0,0.56,0.998,0.672,0.708,0.526,0.818,0.684,0.968,0.508,0.462,0.0,0.568,0.924,0.914
43,0.912,0.894,0.854,0.874,0.624,0.636,0.934,0.936,0.798,0.924,0.872,0.82,0.814,0.872,0.928,0.728,0.0,0.666,0.544,0.9,0.704,0.936,0.856,0.638,0.68,0.886,0.658,0.64,0.832,0.956,0.0,0.998,0.828,0.568,0.854,0.692,0.706,1.0,0.648,0.552,0.91,0.776,0.642,0.654,0.908,0.814,0.85,0.922,0.976,0.828
44,0.894,0.872,0.866,0.84,0.762,0.772,0.968,0.85,0.786,0.88,0.886,0.812,0.824,0.808,0.832,0.0,0.552,0.614,0.626,0.806,0.744,0.772,0.924,0.592,0.644,0.886,0.606,0.622,0.81,0.926,0.554,0.998,0.762,0.822,0.598,0.724,0.68,0.0,0.828,0.676,0.82,0.448,0.502,0.916,0.0,0.0,0.68,0.0,0.598,0.83
45,0.824,0.824,0.862,0.85,0.686,0.632,0.944,0.736,0.674,0.832,0.87,0.782,0.808,0.764,0.824,0.814,0.0,0.58,0.0,0.808,0.67,0.724,0.934,0.544,0.684,0.872,0.788,0.532,0.804,0.962,0.672,1.0,0.878,0.586,0.606,0.708,0.644,0.96,0.62,0.556,0.0,0.93,0.976,0.778,0.974,0.768,0.61,0.888,0.792,1.0
46,0.726,0.756,0.858,0.864,0.622,0.672,0.908,0.61,0.538,0.804,0.792,0.73,0.8,0.586,0.74,0.548,0.892,0.568,0.68,0.782,0.608,0.492,0.946,0.632,0.662,0.876,0.866,0.57,0.814,0.938,0.614,0.756,0.812,0.53,0.0,0.662,0.544,0.822,0.848,0.546,0.878,0.0,0.0,0.0,1.0,0.758,0.706,1.0,0.0,0.0
47,0.726,0.728,0.732,0.77,0.0,0.574,0.816,0.71,0.672,0.788,0.746,0.684,0.738,0.63,0.738,0.656,0.462,0.54,0.606,0.666,0.74,0.592,0.894,0.606,0.716,0.87,0.808,0.566,0.668,0.856,0.534,0.916,0.754,0.816,0.59,0.89,0.64,0.874,0.79,0.656,0.0,0.716,0.51,0.868,0.984,0.714,0.0,0.67,0.674,0.946
48,0.65,0.682,0.686,0.742,0.546,0.616,0.832,0.748,0.0,0.75,0.794,0.606,0.756,0.602,0.628,0.622,0.0,0.554,0.0,0.58,0.61,0.738,0.848,0.65,0.55,0.888,0.78,0.0,0.68,0.802,0.638,0.938,0.678,0.714,0.708,0.0,0.634,0.98,0.564,0.0,0.526,0.366,0.656,0.71,0.0,0.356,0.736,0.822,0.98,0.92
49,0.69,0.66,0.68,0.63,0.75,0.636,0.778,0.74,0.748,0.736,0.754,0.63,0.528,0.58,0.652,0.556,0.488,0.708,0.584,0.602,0.488,0.852,0.798,0.616,0.502,0.852,0.726,0.612,0.0,0.836,0.768,0.842,0.724,0.702,0.674,0.55,0.642,0.834,0.634,0.65,0.644,0.872,0.0,0.0,0.874,0.0,0.56,0.562,0.0,0.486
50,0.656,0.474,0.598,0.538,0.818,0.0,0.814,0.738,0.72,0.752,0.698,0.582,0.498,0.492,0.542,0.0,0.534,0.556,0.526,0.618,0.554,0.652,0.81,0.604,0.592,0.854,0.728,0.54,0.474,0.794,0.53,0.952,0.688,0.81,0.0,0.706,0.604,0.976,0.63,0.638,0.642,0.864,0.608,0.592,0.0,0.54,0.752,0.72,0.658,0.53
51,0.558,0.526,0.632,0.468,0.69,0.624,0.626,0.78,0.684,0.68,0.624,0.582,0.522,0.486,0.0,0.704,0.52,0.664,0.522,0.53,0.574,0.65,0.784,0.662,0.0,0.882,0.608,0.0,0.622,0.794,0.0,0.756,0.724,0.746,0.672,0.914,0.634,0.818,0.826,0.566,0.0,0.422,0.636,0.822,0.76,0.514,0.662,0.492,0.858,0.0
52,0.568,0.0,0.624,0.482,0.812,0.746,0.624,0.742,0.552,0.612,0.586,0.586,0.512,0.52,0.53,0.82,0.486,0.514,0.702,0.0,0.586,0.626,0.72,0.642,0.514,0.858,0.606,0.566,0.0,0.794,0.56,0.762,0.71,0.668,0.78,0.0,0.604,0.708,0.744,0.642,0.7,0.93,0.738,0.812,0.848,0.694,0.0,0.402,0.878,0.88
53,0.558,0.51,0.61,0.56,0.782,0.794,0.524,0.618,0.484,0.602,0.55,0.592,0.56,0.476,0.544,0.774,0.536,0.564,0.674,0.52,0.68,0.732,0.706,0.64,0.55,0.85,0.616,0.726,0.72,0.802,0.0,0.82,0.654,0.66,0.584,0.718,0.654,0.512,0.598,0.676,0.506,0.928,0.0,0.87,0.792,0.0,0.714,0.0,0.626,0.958
54,0.0,0.5,0.622,0.522,0.978,0.9,0.0,0.676,0.5,0.622,0.0,0.508,0.502,0.498,0.536,0.614,0.0,0.552,0.47,0.562,0.0,0.686,0.74,0.59,0.496,0.852,0.686,0.606,0.838,0.784,0.74,0.972,0.556,0.582,0.0,0.7,0.53,0.632,0.0,0.536,0.0,0.57,0.634,0.72,0.898,0.424,0.722,0.594,0.524,0.946
55,0.472,0.0,0.602,0.562,0.888,0.99,0.602,0.636,0.432,0.582,0.574,0.0,0.508,0.536,0.0,0.694,0.528,0.484,0.702,0.622,0.632,0.692,0.794,0.63,0.556,0.874,0.66,0.0,0.706,0.762,0.654,0.0,0.776,0.614,0.714,0.786,0.528,0.814,0.744,0.614,0.812,0.78,0.708,0.796,0.0,0.0,0.726,0.596,0.448,0.898
56,0.488,0.514,0.6,0.504,0.868,0.964,0.656,0.628,0.432,0.528,0.0,0.554,0.5,0.0,0.544,0.692,0.59,0.65,0.572,0.606,0.664,0.678,0.776,0.708,0.502,0.894,0.624,0.788,0.538,0.764,0.776,0.88,0.602,0.668,0.818,0.868,0.606,0.538,0.68,0.646,0.53,0.0,0.772,0.77,0.476,0.494,0.548,0.71,0.0,0.956
57,0.498,0.566,0.566,0.0,0.926,0.614,0.598,0.606,0.512,0.0,0.52,0.498,0.458,0.502,0.554,0.756,0.568,0.0,0.0,0.63,0.0,0.72,0.786,0.672,0.518,0.876,0.602,0.856,0.672,0.802,0.512,0.866,0.69,0.624,0.742,0.874,0.664,0.734,0.594,0.55,0.482,0.53,0.67,0.0,0.0,0.736,0.17,0.822,0.656,0.95
58,0.0,0.0,0.576,0.562,0.902,0.922,0.528,0.504,0.0,0.588,0.508,0.544,0.486,0.566,0.488,0.622,0.65,0.468,0.536,0.0,0.73,0.672,0.752,0.742,0.524,0.884,0.592,0.914,0.574,0.832,0.66,0.694,0.718,0.592,0.524,0.768,0.732,0.8,0.714,0.606,0.576,0.542,0.838,0.712,0.416,0.0,0.59,0.99,0.748,0.954
59,0.506,0.51,0.598,0.566,0.946,0.884,0.55,0.642,0.604,0.512,0.52,0.0,0.454,0.0,0.528,0.75,0.712,0.548,0.588,0.532,0.658,0.69,0.782,0.748,0.536,0.854,0.666,0.926,0.582,0.802,0.66,0.592,0.706,0.768,0.772,0.0,0.73,0.634,0.638,0.0,0.0,0.848,0.726,0.77,0.366,0.66,0.0,0.982,0.794,0.918
60,0.458,0.564,0.592,0.532,0.924,0.958,0.66,0.624,0.0,0.52,0.584,0.534,0.456,0.532,0.532,0.662,0.826,0.478,0.75,0.594,0.646,0.68,0.76,0.724,0.474,0.648,0.628,0.9,0.538,0.84,0.758,0.842,0.64,0.616,0.56,0.84,0.622,0.666,0.638,0.656,0.502,0.0,0.664,0.612,0.422,0.61,0.418,1.0,0.986,0.806
61,0.53,0.0,0.0,0.506,0.924,0.946,0.0,0.684,0.502,0.52,0.0,0.0,0.44,0.556,0.572,0.746,0.708,0.622,0.704,0.53,0.53,0.716,0.786,0.746,0.606,0.628,0.62,0.908,0.772,0.796,0.52,0.82,0.568,0.628,0.53,0.61,0.644,0.764,0.644,0.59,0.376,0.732,0.844,0.686,0.442,0.614,0.752,0.998,0.0,0.572
62,0.52,0.51,0.576,0.0,0.916,0.784,0.624,0.0,0.48,0.52,0.534,0.514,0.516,0.53,0.0,0.876,0.862,0.526,0.676,0.592,0.772,0.71,0.686,0.756,0.646,0.58,0.614,0.908,0.492,0.734,0.654,0.856,0.758,0.664,0.582,0.826,0.0,0.686,0.712,0.614,0.684,0.61,0.842,0.724,0.692,0.0,0.512,1.0,0.704,0.382
63,0.0,0.532,0.0,0.482,0.608,0.926,0.56,0.62,0.512,0.0,0.54,0.518,0.53,0.0,0.56,0.85,0.814,0.644,0.838,0.0,0.552,0.676,0.58,0.65,0.0,0.0,0.622,0.936,0.0,0.67,0.646,0.722,0.602,0.716,0.596,0.648,0.562,0.606,0.706,0.7,0.608,0.7,0.952,0.816,0.768,0.6,0.418,1.0,0.612,0.312
64,0.51,0.526,0.486,0.552,0.578,0.76,0.524,0.704,0.546,0.516,0.522,0.54,0.0,0.514,0.554,0.734,0.826,0.8,0.914,0.634,0.0,0.722,0.586,0.728,0.666,0.65,0.526,0.916,0.614,0.692,0.0,0.796,0.616,0.742,0.0,0.712,0.584,0.71,0.51,0.51,0.586,0.698,0.938,0.544,0.746,0.678,0.72,1.0,0.706,0.352
65,0.462,0.544,0.48,0.508,0.754,0.878,0.538,0.726,0.538,0.0,0.52,0.508,0.502,0.592,0.502,0.648,0.852,0.656,0.85,0.634,0.648,0.74,0.586,0.698,0.636,0.686,0.646,0.932,0.542,0.67,0.588,0.73,0.616,0.678,0.71,0.75,0.598,0.48,0.68,0.58,0.634,0.706,0.842,0.7,0.646,0.728,0.56,0.994,0.856,0.55
66,0.0,0.506,0.558,0.526,0.676,0.728,0.0,0.646,0.586,0.536,0.0,0.0,0.532,0.598,0.57,0.7,0.73,0.0,0.894,0.644,0.536,0.722,0.502,0.596,0.674,0.664,0.588,0.926,0.508,0.634,0.496,0.762,0.51,0.724,0.594,0.566,0.496,0.682,0.742,0.606,0.0,0.714,0.886,0.83,0.702,0.0,0.892,0.998,0.814,0.0
67,0.532,0.0,0.0,0.54,0.51,0.738,0.634,0.74,0.0,0.0,0.5,0.458,0.506,0.0,0.506,0.732,0.776,0.578,0.806,0.624,0.556,0.702,0.66,0.532,0.69,0.63,0.0,0.938,0.512,0.0,0.592,0.73,0.618,0.672,0.59,0.574,0.636,0.774,0.562,0.534,0.658,0.698,0.852,0.0,0.652,0.588,0.84,1.0,0.938,0.752
68,0.548,0.548,0.546,0.524,0.0,0.0,0.642,0.678,0.528,0.502,0.516,0.496,0.0,0.49,0.0,0.748,0.96,0.0,0.946,0.6,0.0,0.702,0.652,0.0,0.782,0.596,0.618,0.948,0.518,0.72,0.558,0.628,0.552,0.508,0.564,0.766,0.518,0.566,0.72,0.54,0.71,0.506,0.788,0.476,0.644,0.766,0.772,0.998,0.978,0.79
69,0.0,0.0,0.0,0.516,0.584,0.662,0.606,0.726,0.52,0.552,0.0,0.544,0.494,0.618,0.568,0.568,0.93,0.67,0.778,0.632,0.55,0.704,0.67,0.54,0.794,0.562,0.636,0.952,0.48,0.706,0.0,0.62,0.606,0.698,0.512,0.698,0.492,0.632,0.582,0.57,0.698,0.762,0.732,0.978,0.772,0.776,0.916,0.996,0.84,0.622
70,0.57,0.56,0.53,0.0,0.658,0.688,0.642,0.66,0.544,0.0,0.514,0.554,0.524,0.522,0.0,0.792,0.912,0.57,0.972,0.588,0.548,0.718,0.648,0.516,0.664,0.608,0.662,0.938,0.482,0.634,0.602,0.498,0.642,0.714,0.57,0.712,0.542,0.63,0.622,0.682,0.508,0.654,0.706,0.85,0.844,0.65,0.966,1.0,0.906,0.57
71,0.502,0.0,0.514,0.554,0.622,0.0,0.538,0.7,0.548,0.602,0.56,0.0,0.546,0.524,0.564,0.718,0.928,0.682,0.984,0.64,0.738,0.734,0.652,0.524,0.688,0.57,0.66,0.942,0.462,0.664,0.554,0.546,0.65,0.784,0.702,0.72,0.574,0.0,0.622,0.674,0.528,0.48,0.63,0.602,0.806,0.582,0.97,1.0,0.998,0.54
72,0.0,0.544,0.54,0.0,0.0,0.548,0.65,0.674,0.66,0.522,0.512,0.504,0.488,0.0,0.576,0.716,0.96,0.0,0.992,0.824,0.616,0.68,0.612,0.542,0.596,0.502,0.626,0.944,0.476,0.668,0.656,0.588,0.592,0.614,0.0,0.0,0.626,0.676,0.562,0.59,0.56,0.0,0.594,0.0,0.66,0.618,0.968,0.998,0.0,0.614
73,0.53,0.57,0.54,0.512,0.638,0.794,0.706,0.648,0.596,0.0,0.524,0.0,0.572,0.566,0.572,0.88,0.974,0.66,0.952,0.596,0.684,0.678,0.586,0.554,0.61,0.522,0.544,0.952,0.41,0.778,0.584,0.614,0.534,0.714,0.656,0.728,0.686,0.624,0.0,0.658,0.666,0.424,0.0,0.656,0.644,0.55,0.976,1.0,0.524,0.0
74,0.52,0.512,0.556,0.504,0.0,0.0,0.668,0.624,0.622,0.564,0.544,0.546,0.586,0.494,0.562,0.804,0.93,0.5,0.952,0.608,0.614,0.682,0.628,0.552,0.562,0.538,0.54,0.934,0.41,0.764,0.698,0.662,0.682,0.738,0.598,0.828,0.552,0.634,0.802,0.618,0.0,0.518,0.528,0.768,0.696,0.388,0.97,1.0,0.778,0.638
75,0.574,0.0,0.55,0.5,0.64,0.772,0.574,0.538,0.62,0.0,0.0,0.0,0.494,0.584,0.598,0.904,0.948,0.82,0.884,0.584,0.682,0.658,0.636,0.582,0.518,0.0,0.646,0.942,0.392,0.756,0.0,0.692,0.604,0.736,0.0,0.7,0.0,0.582,0.72,0.596,0.504,0.42,0.608,0.61,0.814,0.404,0.936,1.0,0.0,0.472
76,0.502,0.554,0.526,0.514,0.63,0.0,0.664,0.618,0.65,0.52,0.53,0.536,0.556,0.0,0.67,0.702,0.722,0.51,0.854,0.588,0.584,0.494,0.588,0.64,0.532,0.564,0.594,0.946,0.416,0.748,0.614,0.566,0.564,0.794,0.696,0.668,0.51,0.63,0.636,0.618,0.79,0.0,0.496,0.838,0.55,0.446,0.948,0.994,0.852,0.61
77,0.52,0.0,0.542,0.536,0.67,0.542,0.572,0.66,0.632,0.514,0.0,0.556,0.578,0.584,0.55,0.746,0.87,0.0,0.872,0.682,0.628,0.0,0.57,0.666,0.552,0.536,0.65,0.938,0.402,0.79,0.648,0.506,0.0,0.856,0.566,0.0,0.574,0.0,0.626,0.54,0.0,0.304,0.538,0.79,0.68,0.612,0.928,0.998,0.0,0.59
78,0.0,0.518,0.56,0.0,0.546,0.0,0.702,0.602,0.636,0.554,0.564,0.52,0.562,0.556,0.568,0.79,0.658,0.534,0.908,0.678,0.616,0.588,0.578,0.622,0.518,0.512,0.558,0.956,0.416,0.776,0.514,0.57,0.526,0.0,0.55,0.658,0.528,0.64,0.646,0.502,0.516,0.364,0.416,0.826,0.696,0.566,0.942,0.998,0.818,0.0
79,0.594,0.53,0.544,0.516,0.0,0.592,0.66,0.602,0.666,0.0,0.528,0.566,0.0,0.0,0.54,0.862,0.746,0.5,0.876,0.652,0.568,0.544,0.598,0.698,0.52,0.516,0.572,0.966,0.418,0.796,0.548,0.55,0.534,0.724,0.544,0.646,0.54,0.636,0.616,0.522,0.0,0.344,0.62,0.842,0.676,0.344,0.894,0.99,0.96,0.472
80,0.0,0.0,0.506,0.516,0.738,0.514,0.562,0.686,0.612,0.526,0.51,0.0,0.536,0.586,0.0,0.866,0.6,0.0,0.934,0.574,0.574,0.564,0.524,0.656,0.0,0.0,0.596,0.96,0.412,0.778,0.636,0.604,0.586,0.0,0.622,0.73,0.582,0.618,0.624,0.622,0.716,0.282,0.54,0.0,0.602,0.262,0.948,0.984,0.804,0.62
81,0.522,0.532,0.0,0.52,0.668,0.524,0.58,0.706,0.636,0.526,0.0,0.518,0.536,0.554,0.63,0.738,0.644,0.608,0.92,0.78,0.564,0.58,0.572,0.698,0.566,0.524,0.57,0.962,0.396,0.772,0.0,0.0,0.614,0.364,0.644,0.0,0.586,0.0,0.584,0.562,0.848,0.238,0.0,0.386,0.632,0.33,0.918,0.974,0.67,0.556
82,0.582,0.596,0.526,0.55,0.666,0.0,0.648,0.622,0.632,0.572,0.482,0.516,0.568,0.0,0.646,0.752,0.0,0.544,0.944,0.774,0.524,0.578,0.568,0.712,0.518,0.544,0.618,0.954,0.398,0.728,0.52,0.554,0.524,0.734,0.52,0.566,0.622,0.518,0.63,0.652,0.664,0.0,0.502,0.162,0.0,0.552,0.8,0.602,0.862,0.556
83,0.568,0.0,0.53,0.578,0.714,0.584,0.538,0.68,0.628,0.0,0.544,0.504,0.574,0.466,0.544,0.734,0.624,0.546,0.842,0.542,0.592,0.596,0.548,0.69,0.524,0.53,0.552,0.95,0.396,0.692,0.558,0.576,0.616,0.592,0.0,0.712,0.636,0.0,0.562,0.0,0.366,0.452,0.54,0.632,0.484,0.55,0.76,0.914,0.886,0.566
84,0.528,0.548,0.572,0.542,0.698,0.602,0.536,0.568,0.684,0.516,0.54,0.522,0.606,0.492,0.0,0.77,0.688,0.722,0.872,0.682,0.624,0.56,0.598,0.724,0.0,0.52,0.582,0.946,0.386,0.714,0.656,0.636,0.534,0.796,0.694,0.616,0.0,0.556,0.564,0.506,0.566,0.168,0.512,0.624,0.578,0.548,0.714,0.78,0.78,0.886
85,0.55,0.488,0.0,0.532,0.61,0.614,0.594,0.63,0.648,0.54,0.578,0.52,0.0,0.618,0.66,0.728,0.556,0.592,0.648,0.766,0.584,0.566,0.538,0.74,0.544,0.54,0.54,0.944,0.408,0.792,0.594,0.584,0.606,0.75,0.598,0.628,0.6,0.614,0.568,0.584,0.546,0.43,0.616,0.0,0.38,0.0,0.79,0.552,0.508,0.656
86,0.588,0.0,0.518,0.516,0.532,0.646,0.556,0.64,0.632,0.0,0.534,0.548,0.524,0.548,0.638,0.708,0.766,0.662,0.726,0.808,0.58,0.518,0.586,0.72,0.0,0.584,0.586,0.834,0.414,0.778,0.584,0.636,0.548,0.572,0.0,0.73,0.634,0.582,0.618,0.562,0.656,0.554,0.0,0.66,0.0,0.504,0.594,0.596,0.876,0.898
87,0.574,0.5,0.574,0.516,0.574,0.644,0.63,0.718,0.668,0.488,0.576,0.536,0.502,0.522,0.62,0.762,0.79,0.638,0.614,0.726,0.602,0.574,0.536,0.714,0.562,0.538,0.548,0.746,0.396,0.772,0.504,0.566,0.596,0.716,0.582,0.0,0.562,0.614,0.626,0.618,0.77,0.542,0.536,0.676,0.46,0.634,0.0,0.478,0.63,0.806
88,0.0,0.546,0.534,0.518,0.63,0.614,0.63,0.572,0.684,0.48,0.522,0.578,0.504,0.564,0.608,0.504,0.568,0.71,0.624,0.7,0.652,0.576,0.528,0.658,0.508,0.546,0.53,0.704,0.392,0.752,0.532,0.634,0.596,0.0,0.604,0.64,0.678,0.0,0.55,0.598,0.0,0.652,0.58,0.0,0.728,0.548,0.79,0.64,0.924,0.652
89,0.584,0.53,0.516,0.578,0.648,0.656,0.644,0.626,0.612,0.492,0.536,0.598,0.0,0.0,0.0,0.534,0.722,0.71,0.648,0.848,0.662,0.58,0.516,0.626,0.0,0.582,0.0,0.7,0.4,0.746,0.0,0.466,0.594,0.59,0.628,0.742,0.594,0.596,0.59,0.52,0.472,0.464,0.61,0.61,0.508,0.0,0.0,0.0,0.0,0.0
90,0.0,0.532,0.55,0.0,0.576,0.596,0.792,0.61,0.634,0.516,0.556,0.0,0.478,0.56,0.586,0.542,0.594,0.608,0.616,0.86,0.616,0.562,0.504,0.642,0.52,0.63,0.522,0.7,0.416,0.732,0.564,0.552,0.598,0.622,0.604,0.612,0.582,0.57,0.59,0.626,0.0,0.676,0.636,0.486,0.0,0.534,0.5,0.518,0.38,0.768
91,0.508,0.514,0.52,0.51,0.618,0.692,0.736,0.658,0.62,0.522,0.574,0.522,0.534,0.542,0.544,0.684,0.656,0.646,0.676,0.794,0.712,0.566,0.554,0.612,0.542,0.62,0.538,0.654,0.388,0.742,0.698,0.644,0.684,0.678,0.0,0.0,0.588,0.0,0.558,0.64,0.674,0.0,0.0,0.412,0.876,0.522,0.626,0.622,0.442,0.722
92,0.554,0.56,0.544,0.53,0.638,0.556,0.72,0.718,0.666,0.594,0.0,0.564,0.548,0.5,0.618,0.768,0.668,0.62,0.642,0.79,0.578,0.536,0.508,0.67,0.0,0.612,0.504,0.668,0.4,0.724,0.556,0.584,0.618,0.592,0.504,0.646,0.694,0.548,0.482,0.514,0.61,0.398,0.54,0.558,0.652,0.0,0.724,0.692,0.436,0.796
93,0.0,0.512,0.538,0.536,0.534,0.504,0.548,0.584,0.688,0.572,0.564,0.604,0.0,0.646,0.438,0.662,0.554,0.546,0.838,0.778,0.69,0.562,0.532,0.648,0.532,0.576,0.504,0.63,0.526,0.726,0.662,0.702,0.576,0.606,0.532,0.554,0.656,0.0,0.638,0.584,0.0,0.512,0.466,0.738,0.506,0.516,0.486,0.624,0.482,0.812
94,0.564,0.572,0.496,0.532,0.676,0.496,0.582,0.604,0.69,0.556,0.604,0.484,0.504,0.0,0.592,0.772,0.824,0.514,0.67,0.734,0.734,0.566,0.526,0.632,0.0,0.606,0.52,0.558,0.542,0.712,0.0,0.61,0.614,0.604,0.704,0.392,0.712,0.618,0.546,0.566,0.628,0.0,0.51,0.644,0.69,0.46,0.0,0.28,0.0,0.592
95,0.534,0.0,0.0,0.0,0.704,0.528,0.518,0.564,0.684,0.538,0.57,0.638,0.55,0.58,0.662,0.692,0.82,0.55,0.556,0.834,0.678,0.58,0.536,0.634,0.524,0.564,0.508,0.552,0.0,0.748,0.65,0.574,0.612,0.702,0.546,0.508,0.612,0.556,0.706,0.57,0.0,0.724,0.0,0.556,0.462,0.732,0.57,0.0,0.402,0.556
96,0.532,0.48,0.56,0.544,0.644,0.626,0.558,0.558,0.662,0.578,0.524,0.484,0.0,0.548,0.62,0.592,0.8,0.574,0.79,0.81,0.804,0.568,0.516,0.646,0.512,0.61,0.522,0.53,0.512,0.776,0.574,0.568,0.608,0.682,0.694,0.672,0.648,0.568,0.61,0.554,0.49,0.664,0.534,0.476,0.556,0.58,0.604,0.802,0.826,0.626
97,0.558,0.532,0.602,0.552,0.616,0.546,0.0,0.55,0.628,0.576,0.642,0.528,0.528,0.0,0.742,0.716,0.964,0.0,0.722,0.668,0.708,0.558,0.532,0.616,0.0,0.586,0.0,0.536,0.538,0.65,0.686,0.486,0.572,0.52,0.0,0.574,0.684,0.588,0.704,0.566,0.546,0.85,0.556,0.65,0.808,0.582,0.636,0.754,0.0,0.67
98,0.548,0.546,0.522,0.536,0.58,0.658,0.634,0.594,0.646,0.0,0.514,0.536,0.588,0.558,0.68,0.682,0.932,0.638,0.464,0.724,0.712,0.494,0.496,0.668,0.504,0.604,0.518,0.55,0.57,0.688,0.624,0.564,0.608,0.628,0.584,0.0,0.622,0.0,0.632,0.596,0.638,0.0,0.606,0.792,0.716,0.566,0.608,0.576,0.494,0.482
99,0.0,0.578,0.58,0.566,0.616,0.6,0.606,0.604,0.584,0.556,0.662,0.53,0.0,0.0,0.832,0.722,0.976,0.484,0.512,0.716,0.752,0.516,0.492,0.656,0.53,0.57,0.532,0.566,0.554,0.678,0.628,0.566,0.572,0.0,0.0,0.534,0.648,0.59,0.59,0.0,0.654,0.604,0.678,0.668,0.0,0.446,0.498,0.76,0.63,0.0
100,0.522,0.512,0.632,0.0,0.526,0.718,0.544,0.592,0.578,0.536,0.578,0.56,0.554,0.574,0.708,0.816,0.94,0.474,0.53,0.758,0.654,0.506,0.46,0.586,0.526,0.6,0.512,0.572,0.538,0.518,0.56,0.0,0.628,0.608,0.674,0.622,0.768,0.0,0.576,0.628,0.716,0.774,0.598,0.0,0.502,0.514,0.694,0.69,0.668,0.668
101,0.508,0.538,0.522,0.534,0.484,0.0,0.624,0.576,0.486,0.524,0.0,0.452,0.536,0.0,0.0,0.602,0.91,0.54,0.656,0.64,0.784,0.446,0.512,0.586,0.508,0.548,0.522,0.54,0.6,0.548,0.0,0.574,0.6,0.466,0.514,0.0,0.0,0.524,0.59,0.564,0.582,0.786,0.682,0.732,0.924,0.0,0.0,0.736,0.7,0.78
102,0.0,0.532,0.0,0.588,0.578,0.638,0.58,0.536,0.448,0.61,0.698,0.538,0.534,0.574,0.882,0.606,0.92,0.57,0.596,0.76,0.808,0.44,0.484,0.596,0.528,0.538,0.514,0.564,0.556,0.54,0.548,0.0,0.736,0.0,0.636,0.494,0.49,0.0,0.63,0.0,0.638,0.742,0.684,0.542,0.406,0.506,0.55,0.66,0.0,0.444
103,0.574,0.574,0.506,0.596,0.0,0.776,0.66,0.0,0.546,0.552,0.68,0.526,0.502,0.544,0.0,0.544,0.892,0.608,0.538,0.704,0.772,0.474,0.498,0.602,0.0,0.59,0.518,0.566,0.548,0.558,0.738,0.524,0.592,0.486,0.552,0.416,0.646,0.61,0.622,0.574,0.44,0.776,0.664,0.0,0.688,0.48,0.592,0.0,0.49,0.606
104,0.508,0.532,0.642,0.536,0.614,0.67,0.532,0.554,0.502,0.542,0.0,0.0,0.612,0.602,0.802,0.59,0.93,0.596,0.628,0.0,0.846,0.418,0.482,0.552,0.548,0.576,0.0,0.552,0.522,0.568,0.0,0.556,0.628,0.0,0.508,0.582,0.562,0.0,0.602,0.57,0.492,0.828,0.632,0.376,0.634,0.53,0.0,0.816,0.658,0.0
105,0.538,0.51,0.596,0.566,0.0,0.0,0.6,0.58,0.494,0.604,0.688,0.614,0.588,0.614,0.0,0.708,0.902,0.71,0.586,0.632,0.708,0.468,0.512,0.474,0.53,0.51,0.516,0.546,0.522,0.566,0.612,0.504,0.586,0.466,0.646,0.558,0.638,0.552,0.518,0.0,0.392,0.934,0.65,0.672,0.0,0.584,0.49,0.0,0.53,0.342
106,0.0,0.0,0.592,0.566,0.504,0.506,0.69,0.0,0.516,0.638,0.666,0.606,0.48,0.0,0.844,0.668,0.952,0.562,0.0,0.0,0.76,0.588,0.534,0.46,0.0,0.55,0.546,0.52,0.558,0.56,0.522,0.524,0.52,0.286,0.56,0.0,0.558,0.506,0.512,0.53,0.354,0.0,0.646,0.494,0.484,0.586,0.554,0.946,0.656,0.668
107,0.532,0.596,0.562,0.612,0.528,0.67,0.622,0.554,0.0,0.0,0.0,0.54,0.524,0.546,0.538,0.692,0.906,0.648,0.638,0.764,0.852,0.0,0.55,0.478,0.526,0.52,0.0,0.51,0.552,0.56,0.0,0.5,0.59,0.352,0.568,0.526,0.568,0.0,0.59,0.612,0.674,0.64,0.704,0.334,0.538,0.524,0.5,0.582,0.806,0.364
108,0.544,0.508,0.588,0.554,0.708,0.696,0.612,0.554,0.494,0.606,0.71,0.654,0.564,0.592,0.81,0.802,0.892,0.592,0.594,0.742,0.794,0.518,0.562,0.482,0.536,0.508,0.52,0.0,0.586,0.54,0.58,0.572,0.636,0.312,0.0,0.504,0.598,0.514,0.518,0.6,0.574,0.548,0.608,0.56,0.21,0.57,0.494,0.476,0.0,0.776
109,0.556,0.586,0.71,0.0,0.622,0.576,0.642,0.564,0.0,0.598,0.632,0.616,0.0,0.488,0.644,0.75,0.794,0.736,0.0,0.632,0.776,0.528,0.534,0.46,0.51,0.488,0.536,0.542,0.52,0.514,0.0,0.53,0.0,0.26,0.522,0.45,0.666,0.596,0.0,0.594,0.622,0.614,0.67,0.578,0.21,0.642,0.554,0.0,0.798,0.0
110,0.468,0.516,0.688,0.56,0.656,0.662,0.744,0.634,0.506,0.58,0.594,0.0,0.508,0.502,0.0,0.804,0.812,0.742,0.684,0.784,0.79,0.514,0.536,0.48,0.536,0.466,0.0,0.0,0.55,0.514,0.536,0.604,0.518,0.256,0.614,0.498,0.688,0.52,0.604,0.602,0.422,0.714,0.686,0.292,0.178,0.0,0.45,0.678,0.838,0.836
111,0.0,0.0,0.66,0.62,0.652,0.624,0.84,0.582,0.522,0.506,0.6,0.492,0.624,0.452,0.498,0.684,0.822,0.764,0.0,0.732,0.856,0.51,0.522,0.476,0.516,0.512,0.54,0.558,0.536,0.512,0.53,0.506,0.0,0.596,0.542,0.452,0.496,0.53,0.714,0.568,0.808,0.246,0.59,0.492,0.22,0.67,0.612,0.666,0.854,0.308
112,0.506,0.526,0.0,0.57,0.606,0.654,0.566,0.564,0.53,0.0,0.676,0.0,0.664,0.44,0.468,0.72,0.746,0.492,0.638,0.758,0.562,0.546,0.552,0.46,0.0,0.0,0.51,0.534,0.582,0.516,0.538,0.562,0.592,0.472,0.0,0.452,0.776,0.578,0.538,0.53,0.0,0.384,0.0,0.0,0.676,0.694,0.62,0.736,0.538,0.0
113,0.49,0.574,0.534,0.0,0.594,0.604,0.548,0.568,0.528,0.496,0.55,0.612,0.526,0.5,0.724,0.754,0.78,0.486,0.6,0.708,0.756,0.0,0.544,0.486,0.504,0.54,0.524,0.516,0.538,0.498,0.478,0.0,0.596,0.0,0.632,0.376,0.638,0.616,0.564,0.572,0.532,0.48,0.528,0.866,0.0,0.698,0.5,0.0,0.0,0.874
114,0.612,0.526,0.518,0.56,0.72,0.75,0.0,0.588,0.49,0.572,0.67,0.754,0.538,0.564,0.604,0.786,0.774,0.614,0.584,0.676,0.568,0.524,0.566,0.46,0.0,0.532,0.518,0.538,0.534,0.51,0.518,0.478,0.586,0.588,0.0,0.62,0.768,0.0,0.544,0.0,0.684,0.444,0.544,0.972,0.524,0.546,0.43,0.878,0.672,0.0
115,0.0,0.522,0.552,0.532,0.716,0.694,0.546,0.598,0.0,0.506,0.0,0.692,0.588,0.612,0.0,0.774,0.848,0.0,0.6,0.718,0.506,0.606,0.532,0.452,0.52,0.552,0.0,0.546,0.506,0.474,0.564,0.608,0.0,0.0,0.598,0.562,0.546,0.602,0.646,0.64,0.0,0.428,0.594,0.0,0.194,0.562,0.44,0.0,0.742,0.934
116,0.52,0.0,0.564,0.558,0.546,0.728,0.61,0.528,0.524,0.472,0.488,0.694,0.532,0.574,0.406,0.698,0.922,0.544,0.534,0.756,0.0,0.0,0.58,0.454,0.538,0.506,0.512,0.502,0.542,0.514,0.516,0.49,0.632,0.552,0.656,0.516,0.778,0.552,0.0,0.588,0.498,0.454,0.0,0.594,0.964,0.59,0.366,0.656,0.626,0.516
117,0.0,0.526,0.0,0.512,0.696,0.694,0.682,0.536,0.0,0.0,0.466,0.546,0.59,0.634,0.618,0.792,0.952,0.696,0.536,0.728,0.646,0.506,0.526,0.456,0.0,0.492,0.524,0.0,0.506,0.0,0.596,0.59,0.594,0.636,0.0,0.464,0.664,0.528,0.67,0.558,0.686,0.458,0.64,0.25,0.0,0.58,0.506,0.376,0.632,0.0
118,0.586,0.558,0.65,0.568,0.68,0.652,0.53,0.526,0.59,0.444,0.506,0.0,0.58,0.526,0.478,0.782,0.918,0.6,0.544,0.572,0.548,0.55,0.564,0.464,0.538,0.532,0.0,0.506,0.518,0.536,0.506,0.0,0.654,0.68,0.534,0.61,0.644,0.604,0.66,0.516,0.642,0.332,0.0,0.83,0.836,0.0,0.406,0.65,0.438,0.586
119,0.49,0.0,0.662,0.0,0.676,0.672,0.0,0.592,0.0,0.526,0.492,0.496,0.674,0.62,0.0,0.798,0.938,0.75,0.654,0.616,0.566,0.0,0.52,0.494,0.526,0.554,0.492,0.516,0.506,0.536,0.0,0.576,0.0,0.508,0.542,0.52,0.682,0.538,0.0,0.548,0.538,0.31,0.604,0.602,0.378,0.6,0.556,0.578,0.572,0.47
120,0.0,0.554,0.508,0.53,0.576,0.66,0.674,0.526,0.546,0.462,0.518,0.54,0.0,0.0,0.502,0.622,0.91,0.668,0.672,0.694,0.61,0.506,0.584,0.48,0.57,0.528,0.526,0.532,0.556,0.0,0.602,0.0,0.584,0.0,0.554,0.0,0.52,0.54,0.524,0.572,0.412,0.422,0.63,0.544,0.0,0.548,0.52,0.498,0.586,0.524
121,0.638,0.0,0.538,0.548,0.546,0.638,0.616,0.62,0.522,0.694,0.642,0.0,0.532,0.498,0.556,0.616,0.908,0.678,0.682,0.67,0.562,0.502,0.592,0.448,0.0,0.57,0.524,0.552,0.508,0.526,0.648,0.556,0.558,0.5,0.546,0.456,0.55,0.0,0.51,0.532,0.368,0.626,0.464,0.692,0.596,0.0,0.0,0.332,0.646,0.444
122,0.0,0.59,0.0,0.0,0.54,0.694,0.566,0.654,0.534,0.0,0.524,0.51,0.508,0.0,0.686,0.654,0.928,0.634,0.704,0.67,0.562,0.478,0.608,0.428,0.518,0.516,0.488,0.0,0.514,0.492,0.526,0.518,0.538,0.622,0.53,0.616,0.0,0.658,0.584,0.592,0.504,0.71,0.544,0.786,0.454,0.486,0.582,0.612,0.564,0.414
123,0.482,0.0,0.476,0.58,0.546,0.702,0.0,0.63,0.518,0.588,0.0,0.0,0.54,0.516,0.528,0.576,0.868,0.612,0.62,0.642,0.64,0.53,0.58,0.438,0.54,0.526,0.524,0.52,0.496,0.538,0.658,0.552,0.552,0.684,0.0,0.592,0.52,0.0,0.616,0.536,0.58,0.572,0.482,0.428,0.432,0.668,0.53,0.624,0.5,0.594
124,0.49,0.514,0.546,0.554,0.582,0.736,0.564,0.576,0.512,0.646,0.502,0.522,0.0,0.62,0.67,0.594,0.94,0.572,0.648,0.622,0.554,0.502,0.616,0.45,0.55,0.518,0.506,0.55,0.58,0.526,0.0,0.528,0.568,0.708,0.554,0.568,0.608,0.526,0.532,0.598,0.356,0.668,0.0,0.63,0.51,0.538,0.0,0.714,0.0,0.0
125,0.478,0.55,0.0,0.672,0.506,0.692,0.544,0.58,0.0,0.56,0.768,0.638,0.47,0.612,0.0,0.694,0.862,0.548,0.764,0.63,0.56,0.57,0.598,0.448,0.506,0.542,0.53,0.0,0.502,0.512,0.662,0.528,0.638,0.602,0.566,0.63,0.65,0.462,0.594,0.584,0.212,0.766,0.388,0.0,0.444,0.0,0.572,0.686,0.864,0.532
126,0.434,0.516,0.588,0.578,0.6,0.704,0.538,0.57,0.512,0.0,0.786,0.58,0.54,0.0,0.474,0.596,0.752,0.55,0.73,0.616,0.5,0.526,0.59,0.462,0.522,0.0,0.49,0.496,0.538,0.502,0.568,0.528,0.694,0.662,0.656,0.522,0.652,0.574,0.57,0.522,0.286,0.0,0.542,0.978,0.322,0.44,0.61,0.0,0.0,0.292
127,0.43,0.538,0.546,0.446,0.572,0.664,0.618,0.638,0.52,0.56,0.682,0.0,0.5,0.546,0.572,0.714,0.64,0.562,0.696,0.582,0.0,0.466,0.608,0.514,0.512,0.524,0.0,0.51,0.528,0.486,0.536,0.0,0.0,0.0,0.556,0.498,0.58,0.614,0.548,0.0,0.806,0.538,0.0,0.764,0.426,0.54,0.398,0.226,0.696,0.152
128,0.522,0.592,0.544,0.466,0.574,0.634,0.724,0.6,0.53,0.526,0.644,0.492,0.558,0.0,0.502,0.62,0.65,0.658,0.68,0.796,0.524,0.0,0.548,0.494,0.52,0.0,0.552,0.48,0.512,0.496,0.518,0.538,0.64,0.588,0.618,0.57,0.666,0.614,0.0,0.562,0.168,0.588,0.59,0.144,0.556,0.52,0.0,0.506,0.0,0.264
129,0.0,0.0,0.536,0.582,0.606,0.662,0.544,0.794,0.0,0.464,0.436,0.41,0.0,0.54,0.762,0.646,0.592,0.686,0.62,0.726,0.57,0.572,0.584,0.48,0.552,0.48,0.0,0.0,0.556,0.536,0.532,0.472,0.58,0.596,0.576,0.652,0.522,0.578,0.652,0.554,0.0,0.62,0.442,0.496,0.582,0.422,0.472,0.688,0.458,0.318
130,0.532,0.478,0.552,0.618,0.554,0.674,0.528,0.684,0.502,0.514,0.0,0.63,0.454,0.546,0.638,0.532,0.534,0.672,0.62,0.716,0.524,0.506,0.56,0.502,0.51,0.468,0.532,0.504,0.552,0.494,0.568,0.484,0.536,0.596,0.516,0.0,0.558,0.66,0.62,0.598,0.958,0.886,0.624,0.786,0.382,0.34,0.626,0.766,0.588,0.308
131,0.532,0.566,0.0,0.0,0.0,0.696,0.51,0.56,0.514,0.0,0.464,0.0,0.424,0.522,0.562,0.508,0.602,0.81,0.624,0.61,0.58,0.52,0.53,0.468,0.0,0.488,0.474,0.54,0.522,0.0,0.0,0.462,0.506,0.752,0.0,0.54,0.552,0.576,0.49,0.662,0.892,0.56,0.342,0.0,0.0,0.59,0.0,0.54,0.0,0.492
132,0.57,0.0,0.542,0.588,0.522,0.726,0.0,0.0,0.514,0.662,0.622,0.498,0.612,0.566,0.344,0.614,0.616,0.656,0.648,0.67,0.662,0.496,0.528,0.546,0.532,0.49,0.524,0.542,0.522,0.524,0.596,0.408,0.554,0.672,0.526,0.484,0.57,0.0,0.612,0.666,0.0,0.0,0.804,0.926,0.596,0.538,0.55,0.644,0.568,0.528
133,0.57,0.48,0.58,0.634,0.0,0.67,0.77,0.66,0.512,0.0,0.0,0.51,0.562,0.0,0.67,0.576,0.596,0.66,0.642,0.646,0.556,0.498,0.518,0.57,0.532,0.51,0.0,0.516,0.556,0.562,0.0,0.378,0.0,0.532,0.482,0.514,0.612,0.49,0.562,0.688,0.568,0.358,0.0,0.924,0.184,0.0,0.646,0.6,0.768,0.0
134,0.582,0.536,0.418,0.566,0.562,0.7,0.766,0.566,0.526,0.652,0.396,0.614,0.622,0.704,0.646,0.0,0.566,0.604,0.72,0.718,0.57,0.536,0.52,0.576,0.0,0.492,0.516,0.542,0.512,0.538,0.544,0.45,0.566,0.722,0.52,0.554,0.552,0.608,0.568,0.638,0.728,0.696,0.418,0.924,0.652,0.61,0.0,0.496,0.754,0.746
135,0.0,0.512,0.0,0.0,0.0,0.618,0.746,0.528,0.0,0.0,0.582,0.584,0.0,0.538,0.72,0.522,0.0,0.75,0.694,0.744,0.638,0.0,0.512,0.55,0.538,0.496,0.524,0.562,0.522,0.0,0.562,0.578,0.546,0.494,0.684,0.0,0.0,0.0,0.0,0.606,0.732,0.564,0.482,0.794,0.45,0.676,0.576,0.41,0.814,0.73
136,0.512,0.506,0.516,0.542,0.512,0.602,0.748,0.532,0.534,0.618,0.0,0.508,0.816,0.542,0.0,0.54,0.554,0.782,0.742,0.656,0.54,0.542,0.52,0.598,0.494,0.548,0.524,0.546,0.522,0.532,0.584,0.0,0.712,0.556,0.0,0.542,0.618,0.466,0.536,0.53,0.73,0.31,0.552,0.414,0.496,0.684,0.496,0.406,0.844,0.438
137,0.534,0.514,0.504,0.494,0.57,0.59,0.668,0.696,0.0,0.842,0.57,0.0,0.534,0.0,0.646,0.614,0.66,0.576,0.766,0.63,0.496,0.52,0.492,0.586,0.54,0.0,0.0,0.548,0.0,0.536,0.554,0.492,0.57,0.602,0.556,0.53,0.514,0.546,0.0,0.66,0.788,0.196,0.492,0.61,0.292,0.0,0.704,0.802,0.82,0.0
138,0.0,0.492,0.434,0.0,0.516,0.608,0.702,0.666,0.496,0.0,0.596,0.578,0.488,0.636,0.68,0.546,0.748,0.658,0.636,0.662,0.56,0.544,0.526,0.58,0.538,0.502,0.518,0.514,0.554,0.528,0.568,0.482,0.596,0.564,0.0,0.614,0.0,0.0,0.548,0.558,0.794,0.54,0.606,0.0,0.294,0.31,0.0,0.0,0.796,0.68
139,0.504,0.432,0.614,0.598,0.544,0.622,0.548,0.69,0.516,0.542,0.612,0.498,0.704,0.484,0.714,0.534,0.676,0.638,0.522,0.69,0.0,0.568,0.0,0.61,0.548,0.542,0.51,0.534,0.0,0.508,0.0,0.496,0.622,0.746,0.532,0.686,0.644,0.586,0.0,0.55,0.832,0.17,0.57,0.914,0.364,0.602,0.476,0.798,0.81,0.926
140,0.614,0.404,0.574,0.0,0.542,0.556,0.59,0.858,0.0,0.608,0.0,0.478,0.702,0.0,0.602,0.52,0.636,0.548,0.514,0.634,0.492,0.526,0.556,0.584,0.544,0.552,0.0,0.512,0.522,0.504,0.55,0.554,0.666,0.712,0.552,0.642,0.578,0.478,0.564,0.0,0.0,0.334,0.602,0.98,0.69,0.0,0.59,0.706,0.662,0.492
141,0.486,0.568,0.516,0.664,0.49,0.582,0.6,0.71,0.504,0.0,0.862,0.0,0.61,0.42,0.566,0.546,0.676,0.66,0.604,0.592,0.536,0.538,0.534,0.558,0.532,0.494,0.534,0.526,0.536,0.526,0.542,0.498,0.53,0.566,0.572,0.606,0.0,0.552,0.0,0.516,0.35,0.27,0.572,0.962,0.278,0.592,0.7,0.87,0.572,0.0
142,0.44,0.538,0.634,0.668,0.528,0.602,0.0,0.884,0.526,0.55,0.616,0.554,0.498,0.41,0.0,0.54,0.67,0.64,0.0,0.542,0.58,0.52,0.0,0.588,0.52,0.502,0.0,0.518,0.0,0.51,0.518,0.524,0.706,0.638,0.0,0.0,0.556,0.0,0.59,0.618,0.142,0.792,0.722,0.9,0.624,0.566,0.542,0.89,0.542,0.642
143,0.658,0.534,0.632,0.596,0.534,0.48,0.552,0.812,0.482,0.0,0.51,0.562,0.516,0.424,0.296,0.0,0.676,0.642,0.562,0.692,0.48,0.482,0.556,0.584,0.52,0.46,0.508,0.536,0.526,0.568,0.52,0.484,0.736,0.0,0.59,0.518,0.556,0.51,0.516,0.0,0.5,0.0,0.79,0.74,0.0,0.664,0.726,0.748,0.516,0.418
144,0.0,0.52,0.622,0.0,0.512,0.538,0.528,0.678,0.488,0.462,0.544,0.524,0.702,0.388,0.364,0.648,0.826,0.66,0.552,0.674,0.538,0.518,0.0,0.584,0.518,0.486,0.55,0.51,0.494,0.554,0.0,0.0,0.604,0.552,0.506,0.51,0.562,0.0,0.574,0.598,0.0,0.766,0.7,0.838,0.702,0.798,0.0,0.466,0.464,0.3
145,0.506,0.0,0.0,0.382,0.478,0.538,0.492,0.71,0.53,0.0,0.63,0.438,0.0,0.496,0.39,0.582,0.618,0.656,0.528,0.714,0.482,0.556,0.496,0.588,0.52,0.536,0.0,0.0,0.506,0.54,0.576,0.576,0.602,0.586,0.578,0.528,0.63,0.57,0.0,0.0,0.644,0.832,0.876,0.688,0.634,0.792,0.596,0.314,0.696,0.404
146,0.494,0.55,0.508,0.488,0.634,0.542,0.52,0.862,0.524,0.666,0.0,0.45,0.442,0.458,0.312,0.578,0.62,0.596,0.518,0.668,0.51,0.532,0.532,0.59,0.0,0.468,0.526,0.474,0.536,0.494,0.558,0.0,0.0,0.728,0.58,0.59,0.494,0.0,0.572,0.608,0.528,0.736,0.804,0.744,0.0,0.78,0.0,0.788,0.0,0.806
147,0.508,0.56,0.502,0.0,0.486,0.538,0.628,0.724,0.0,0.502,0.584,0.45,0.542,0.386,0.246,0.0,0.594,0.642,0.768,0.69,0.56,0.522,0.514,0.564,0.518,0.51,0.528,0.468,0.0,0.502,0.0,0.552,0.574,0.724,0.544,0.55,0.524,0.592,0.0,0.0,0.0,0.302,0.796,0.214,0.47,0.882,0.698,0.278,0.406,0.852
148,0.518,0.522,0.596,0.562,0.0,0.592,0.58,0.732,0.518,0.0,0.524,0.456,0.454,0.352,0.422,0.65,0.608,0.666,0.656,0.608,0.0,0.52,0.534,0.566,0.498,0.5,0.536,0.504,0.518,0.506,0.584,0.0,0.524,0.698,0.0,0.0,0.566,0.482,0.606,0.52,0.492,0.54,0.688,0.82,0.502,0.828,0.682,0.854,0.434,0.35
149,0.524,0.552,0.626,0.494,0.532,0.574,0.606,0.712,0.0,0.422,0.0,0.386,0.492,0.382,0.36,0.734,0.628,0.628,0.53,0.616,0.542,0.0,0.508,0.58,0.492,0.456,0.556,0.494,0.0,0.0,0.53,0.532,0.596,0.944,0.62,0.634,0.54,0.0,0.55,0.482,0.584,0.258,0.582,0.668,0.404,0.828,0.564,0.0,0.646,0.0
150,0.514,0.0,0.574,0.514,0.54,0.57,0.542,0.612,0.492,0.43,0.458,0.59,0.378,0.326,0.608,0.514,0.536,0.692,0.54,0.628,0.0,0.504,0.0,0.562,0.528,0.506,0.53,0.498,0.54,0.528,0.528,0.49,0.562,0.626,0.64,0.618,0.5,0.548,0.54,0.0,0.664,0.338,0.622,0.728,0.0,0.746,0.596,0.844,0.464,0.512
151,0.512,0.532,0.586,0.616,0.544,0.506,0.584,0.692,0.5,0.67,0.472,0.574,0.566,0.314,0.0,0.612,0.568,0.624,0.602,0.58,0.582,0.576,0.55,0.562,0.0,0.448,0.506,0.492,0.0,0.0,0.528,0.0,0.566,0.0,0.696,0.544,0.632,0.608,0.0,0.514,0.0,0.0,0.682,0.87,0.652,0.704,0.0,0.0,0.424,0.508
152,0.542,0.618,0.0,0.0,0.522,0.486,0.556,0.648,0.0,0.77,0.526,0.0,0.0,0.602,0.514,0.0,0.588,0.614,0.0,0.0,0.592,0.548,0.0,0.57,0.472,0.498,0.542,0.508,0.492,0.512,0.544,0.478,0.572,0.56,0.624,0.0,0.53,0.0,0.568,0.516,0.466,0.924,0.504,0.0,0.664,0.658,0.53,0.6,0.458,0.492
153,0.534,0.602,0.594,0.536,0.488,0.59,0.608,0.688,0.52,0.648,0.548,0.488,0.504,0.392,0.0,0.748,0.514,0.61,0.54,0.596,0.558,0.518,0.532,0.564,0.524,0.468,0.518,0.558,0.532,0.52,0.0,0.468,0.498,0.684,0.544,0.652,0.61,0.524,0.0,0.556,0.464,0.98,0.528,0.282,0.652,0.65,0.0,0.528,0.484,0.49
154,0.546,0.476,0.0,0.59,0.566,0.0,0.584,0.598,0.532,0.542,0.502,0.532,0.0,0.54,0.534,0.682,0.0,0.544,0.582,0.588,0.628,0.564,0.508,0.564,0.484,0.46,0.496,0.55,0.0,0.0,0.54,0.474,0.49,0.948,0.0,0.706,0.516,0.0,0.49,0.0,0.538,0.74,0.684,0.87,0.0,0.658,0.656,0.55,0.506,0.582
155,0.496,0.486,0.54,0.0,0.504,0.6,0.0,0.614,0.0,0.598,0.694,0.61,0.522,0.744,0.468,0.554,0.602,0.508,0.0,0.594,0.676,0.572,0.53,0.552,0.492,0.464,0.514,0.55,0.51,0.52,0.57,0.466,0.59,0.932,0.554,0.724,0.0,0.572,0.0,0.528,0.0,0.542,0.568,0.0,0.626,0.0,0.0,0.632,0.57,0.646
156,0.49,0.626,0.548,0.52,0.512,0.592,0.544,0.596,0.53,0.738,0.394,0.558,0.564,0.528,0.514,0.578,0.554,0.58,0.692,0.7,0.566,0.514,0.51,0.564,0.532,0.51,0.5,0.532,0.534,0.504,0.492,0.446,0.576,0.802,0.602,0.644,0.572,0.496,0.526,0.522,0.786,0.866,0.0,0.726,0.714,0.45,0.658,0.0,0.626,0.626
157,0.416,0.0,0.0,0.0,0.544,0.576,0.598,0.724,0.504,0.722,0.0,0.0,0.512,0.65,0.446,0.702,0.59,0.528,0.63,0.548,0.654,0.54,0.522,0.574,0.526,0.0,0.552,0.524,0.0,0.0,0.566,0.592,0.606,0.878,0.638,0.642,0.52,0.506,0.0,0.0,0.0,0.0,0.354,0.934,0.658,0.48,0.0,0.45,0.64,0.0
158,0.374,0.56,0.69,0.528,0.504,0.498,0.55,0.596,0.0,0.528,0.384,0.57,0.544,0.466,0.0,0.8,0.572,0.518,0.612,0.608,0.576,0.546,0.0,0.566,0.0,0.526,0.48,0.52,0.548,0.496,0.528,0.0,0.0,0.852,0.0,0.7,0.564,0.58,0.488,0.476,0.742,0.654,0.568,0.954,0.71,0.65,0.604,0.568,0.0,0.516
159,0.378,0.51,0.614,0.678,0.0,0.0,0.0,0.622,0.496,0.0,0.446,0.0,0.0,0.0,0.762,0.76,0.58,0.576,0.602,0.612,0.558,0.556,0.53,0.594,0.512,0.516,0.0,0.518,0.518,0.506,0.562,0.502,0.696,0.76,0.544,0.612,0.0,0.478,0.552,0.604,0.748,0.632,0.606,0.956,0.944,0.0,0.772,0.778,0.416,0.0
160,0.354,0.0,0.708,0.57,0.53,0.604,0.552,0.61,0.518,0.48,0.552,0.528,0.42,0.368,0.65,0.56,0.52,0.56,0.588,0.658,0.544,0.552,0.52,0.534,0.49,0.502,0.532,0.53,0.52,0.484,0.594,0.51,0.562,0.862,0.0,0.614,0.53,0.572,0.0,0.506,0.712,0.0,0.488,0.926,0.694,0.634,0.0,0.0,0.608,0.306
161,0.37,0.38,0.606,0.602,0.64,0.622,0.604,0.59,0.0,0.0,0.0,0.53,0.582,0.718,0.0,0.492,0.618,0.52,0.58,0.686,0.0,0.562,0.0,0.548,0.506,0.504,0.542,0.508,0.526,0.52,0.536,0.476,0.544,0.53,0.526,0.658,0.504,0.618,0.412,0.54,0.732,0.724,0.0,0.69,0.454,0.782,0.542,0.418,0.438,0.378
162,0.41,0.364,0.0,0.59,0.58,0.0,0.552,0.626,0.522,0.538,0.264,0.478,0.548,0.656,0.54,0.726,0.576,0.528,0.538,0.628,0.54,0.524,0.52,0.532,0.53,0.542,0.546,0.572,0.0,0.524,0.0,0.572,0.644,0.36,0.594,0.678,0.536,0.0,0.464,0.558,0.668,0.546,0.634,0.88,0.458,0.75,0.59,0.0,0.0,0.812
163,0.39,0.3,0.578,0.0,0.606,0.564,0.61,0.602,0.51,0.58,0.716,0.56,0.0,0.534,0.36,0.752,0.592,0.602,0.53,0.686,0.604,0.552,0.532,0.544,0.532,0.0,0.0,0.542,0.524,0.482,0.554,0.0,0.626,0.774,0.542,0.65,0.592,0.512,0.414,0.0,0.664,0.0,0.396,0.0,0.432,0.666,0.382,0.952,0.614,0.0
164,0.558,0.47,0.0,0.508,0.576,0.566,0.572,0.682,0.0,0.62,0.592,0.666,0.496,0.0,0.608,0.734,0.548,0.608,0.56,0.0,0.61,0.526,0.0,0.528,0.0,0.51,0.516,0.5,0.504,0.526,0.528,0.514,0.544,0.904,0.532,0.74,0.57,0.514,0.386,0.59,0.65,0.618,0.88,0.978,0.296,0.672,0.204,0.0,0.38,0.718
165,0.0,0.0,0.508,0.362,0.502,0.606,0.588,0.628,0.504,0.544,0.0,0.498,0.53,0.482,0.0,0.74,0.564,0.566,0.6,0.486,0.632,0.524,0.516,0.542,0.554,0.484,0.496,0.536,0.524,0.564,0.612,0.568,0.0,0.706,0.482,0.788,0.614,0.556,0.562,0.0,0.832,0.196,0.74,0.0,0.32,0.92,0.292,0.39,0.638,0.476
166,0.56,0.408,0.646,0.364,0.634,0.59,0.594,0.592,0.524,0.496,0.678,0.438,0.496,0.288,0.774,0.678,0.5,0.55,0.586,0.612,0.67,0.516,0.578,0.52,0.516,0.484,0.49,0.54,0.518,0.0,0.538,0.0,0.688,0.644,0.656,0.794,0.0,0.668,0.612,0.542,0.798,0.25,0.0,0.828,0.662,0.526,0.204,0.0,0.488,0.626
167,0.0,0.554,0.452,0.538,0.668,0.676,0.0,0.614,0.0,0.624,0.644,0.378,0.414,0.226,0.694,0.708,0.552,0.61,0.592,0.532,0.58,0.528,0.0,0.556,0.0,0.514,0.542,0.554,0.512,0.526,0.566,0.53,0.602,0.69,0.61,0.814,0.562,0.0,0.0,0.558,0.646,0.426,0.486,0.842,0.548,0.544,0.194,0.264,0.0,0.868
168,0.428,0.0,0.586,0.0,0.684,0.61,0.542,0.598,0.484,0.572,0.618,0.494,0.49,0.386,0.438,0.724,0.66,0.0,0.588,0.0,0.564,0.506,0.52,0.554,0.498,0.52,0.516,0.54,0.498,0.556,0.578,0.532,0.686,0.5,0.624,0.832,0.572,0.562,0.638,0.0,0.64,0.576,0.568,0.814,0.282,0.0,0.338,0.148,0.534,0.614
169,0.466,0.408,0.0,0.556,0.556,0.632,0.554,0.0,0.524,0.0,0.742,0.476,0.576,0.514,0.0,0.62,0.58,0.55,0.598,0.588,0.588,0.51,0.524,0.522,0.508,0.0,0.0,0.544,0.524,0.0,0.512,0.56,0.52,0.37,0.0,0.852,0.59,0.544,0.556,0.554,0.536,0.966,0.732,0.0,0.356,0.524,0.0,0.934,0.0,0.888
170,0.536,0.564,0.458,0.568,0.662,0.616,0.594,0.468,0.498,0.636,0.594,0.57,0.628,0.426,0.416,0.692,0.606,0.59,0.546,0.632,0.592,0.512,0.524,0.564,0.526,0.562,0.504,0.51,0.522,0.484,0.534,0.518,0.606,0.896,0.51,0.81,0.584,0.604,0.0,0.552,0.474,0.0,0.558,0.982,0.32,0.596,0.734,0.0,0.66,0.416
171,0.0,0.0,0.524,0.57,0.6,0.624,0.604,0.546,0.0,0.0,0.796,0.0,0.0,0.388,0.566,0.602,0.586,0.616,0.0,0.626,0.498,0.524,0.0,0.51,0.52,0.522,0.532,0.518,0.522,0.498,0.536,0.548,0.654,0.866,0.46,0.55,0.0,0.512,0.51,0.546,0.574,0.232,0.862,0.686,0.32,0.6,0.698,0.708,0.676,0.622
172,0.468,0.526,0.532,0.586,0.546,0.656,0.606,0.0,0.532,0.77,0.0,0.5,0.308,0.596,0.616,0.718,0.592,0.614,0.526,0.708,0.55,0.552,0.532,0.526,0.476,0.508,0.528,0.514,0.482,0.0,0.492,0.0,0.54,0.646,0.568,0.542,0.658,0.528,0.572,0.528,0.352,0.294,0.0,0.818,0.688,0.824,0.658,1.0,0.636,0.838
173,0.394,0.602,0.584,0.482,0.644,0.686,0.608,0.548,0.0,0.0,0.54,0.554,0.568,0.0,0.528,0.686,0.544,0.59,0.0,0.642,0.592,0.506,0.572,0.528,0.0,0.512,0.512,0.52,0.506,0.54,0.502,0.566,0.0,0.0,0.0,0.688,0.0,0.514,0.578,0.562,0.358,0.482,0.396,0.0,0.77,0.756,0.652,0.0,0.52,0.0
174,0.542,0.642,0.0,0.532,0.606,0.632,0.612,0.558,0.504,0.44,0.494,0.65,0.54,0.612,0.0,0.694,0.634,0.696,0.5,0.646,0.542,0.516,0.51,0.536,0.488,0.54,0.52,0.534,0.0,0.0,0.59,0.506,0.634,0.622,0.47,0.0,0.49,0.516,0.0,0.528,0.302,0.522,0.516,0.402,0.95,0.714,0.636,0.664,0.376,0.402
175,0.0,0.618,0.52,0.494,0.568,0.578,0.524,0.56,0.0,0.472,0.356,0.556,0.642,0.584,0.676,0.854,0.528,0.644,0.572,0.606,0.616,0.53,0.514,0.506,0.0,0.0,0.526,0.508,0.522,0.554,0.506,0.472,0.554,0.0,0.474,0.624,0.608,0.0,0.556,0.552,0.32,0.872,0.68,0.928,0.982,0.656,0.638,0.916,0.338,0.318
176,0.522,0.694,0.672,0.558,0.56,0.636,0.526,0.568,0.528,0.0,0.266,0.0,0.0,0.456,0.0,0.766,0.566,0.742,0.636,0.54,0.566,0.528,0.504,0.534,0.504,0.54,0.528,0.512,0.0,0.518,0.662,0.464,0.754,0.65,0.564,0.594,0.512,0.498,0.0,0.58,0.346,0.5,0.584,0.986,0.972,0.642,0.0,0.0,0.34,0.686
177,0.58,0.764,0.0,0.574,0.618,0.588,0.682,0.536,0.524,0.734,0.238,0.432,0.558,0.0,0.716,0.69,0.532,0.704,0.552,0.536,0.63,0.494,0.52,0.0,0.53,0.51,0.524,0.0,0.494,0.508,0.554,0.542,0.65,0.622,0.456,0.57,0.0,0.724,0.478,0.0,0.498,0.558,0.0,0.978,0.988,0.634,0.542,0.51,0.32,0.406
178,0.0,0.704,0.49,0.568,0.63,0.664,0.628,0.568,0.484,0.492,0.248,0.376,0.0,0.6,0.68,0.69,0.572,0.672,0.61,0.0,0.578,0.54,0.0,0.528,0.0,0.51,0.554,0.518,0.498,0.504,0.0,0.52,0.622,0.694,0.586,0.75,0.564,0.686,0.57,0.474,0.47,0.318,0.636,0.948,0.972,0.554,0.674,0.808,0.36,0.0
179,0.474,0.606,0.0,0.47,0.588,0.74,0.0,0.0,0.51,0.0,0.218,0.514,0.45,0.498,0.544,0.564,0.61,0.716,0.0,0.622,0.598,0.514,0.496,0.51,0.522,0.484,0.53,0.52,0.506,0.518,0.61,0.544,0.566,0.79,0.54,0.742,0.534,0.696,0.0,0.548,0.0,0.532,0.472,0.986,0.874,0.0,0.794,0.778,0.338,0.666
180,0.518,0.654,0.456,0.47,0.63,0.688,0.75,0.496,0.462,0.522,0.226,0.578,0.398,0.658,0.62,0.624,0.706,0.684,0.528,0.496,0.608,0.514,0.498,0.504,0.522,0.582,0.496,0.498,0.484,0.5,0.0,0.55,0.494,0.772,0.0,0.662,0.652,0.69,0.488,0.518,0.622,0.718,0.396,0.988,0.83,0.644,0.0,0.89,0.466,0.654
181,0.568,0.626,0.582,0.522,0.53,0.702,0.498,0.59,0.48,0.678,0.316,0.522,0.418,0.0,0.444,0.592,0.722,0.772,0.0,0.556,0.518,0.514,0.494,0.522,0.0,0.0,0.52,0.0,0.0,0.496,0.626,0.526,0.0,0.842,0.562,0.686,0.552,0.652,0.578,0.536,0.558,0.554,0.332,0.99,0.654,0.658,0.588,0.0,0.394,0.356
182,0.578,0.566,0.514,0.398,0.534,0.694,0.526,0.556,0.49,0.528,0.282,0.474,0.55,0.432,0.576,0.556,0.678,0.746,0.558,0.0,0.514,0.56,0.518,0.536,0.534,0.522,0.0,0.482,0.572,0.474,0.532,0.0,0.492,0.722,0.522,0.648,0.546,0.734,0.56,0.414,0.662,0.534,0.152,0.99,0.556,0.632,0.802,0.948,0.412,0.298
183,0.586,0.542,0.594,0.45,0.498,0.646,0.542,0.542,0.504,0.362,0.34,0.0,0.562,0.398,0.406,0.678,0.556,0.776,0.512,0.528,0.516,0.578,0.514,0.538,0.0,0.0,0.538,0.53,0.0,0.0,0.0,0.518,0.552,0.586,0.686,0.63,0.586,0.746,0.57,0.0,0.632,0.928,0.238,0.988,0.528,0.58,0.746,0.0,0.308,0.164
184,0.542,0.498,0.594,0.478,0.556,0.668,0.532,0.576,0.504,0.412,0.454,0.664,0.566,0.486,0.506,0.816,0.576,0.72,0.572,0.0,0.588,0.506,0.526,0.0,0.49,0.504,0.51,0.52,0.518,0.53,0.5,0.542,0.55,0.0,0.0,0.488,0.56,0.696,0.548,0.594,0.664,0.61,0.198,0.89,0.548,0.55,0.0,0.794,0.592,0.18
185,0.604,0.594,0.468,0.0,0.554,0.614,0.562,0.592,0.0,0.364,0.34,0.0,0.482,0.448,0.546,0.71,0.776,0.746,0.594,0.542,0.0,0.54,0.534,0.504,0.486,0.476,0.486,0.522,0.532,0.522,0.548,0.514,0.592,0.498,0.598,0.452,0.0,0.54,0.544,0.518,0.552,0.558,0.194,0.928,0.0,0.59,0.616,0.316,0.608,0.132
186,0.632,0.0,0.0,0.516,0.552,0.59,0.518,0.548,0.516,0.318,0.528,0.59,0.382,0.282,0.45,0.69,0.642,0.706,0.624,0.606,0.57,0.512,0.518,0.524,0.518,0.52,0.526,0.524,0.0,0.0,0.52,0.494,0.568,0.478,0.578,0.682,0.616,0.72,0.61,0.0,0.648,0.964,0.664,0.898,0.616,0.698,0.816,0.394,0.0,0.696
187,0.684,0.602,0.378,0.518,0.53,0.638,0.556,0.504,0.502,0.504,0.0,0.542,0.56,0.352,0.658,0.682,0.692,0.726,0.606,0.652,0.508,0.544,0.536,0.518,0.0,0.506,0.522,0.482,0.504,0.516,0.502,0.0,0.514,0.516,0.674,0.0,0.55,0.0,0.554,0.53,0.392,0.994,0.0,0.986,0.882,0.662,0.498,0.0,0.55,0.0
188,0.572,0.586,0.408,0.568,0.532,0.662,0.0,0.0,0.52,0.43,0.56,0.62,0.0,0.22,0.0,0.56,0.716,0.674,0.692,0.62,0.62,0.552,0.5,0.506,0.532,0.0,0.0,0.492,0.0,0.0,0.54,0.566,0.62,0.682,0.606,0.722,0.572,0.574,0.592,0.492,0.614,0.904,0.984,0.974,0.93,0.73,0.412,0.838,0.588,0.526
189,0.636,0.436,0.368,0.678,0.55,0.67,0.542,0.572,0.512,0.0,0.444,0.0,0.42,0.592,0.468,0.5,0.668,0.598,0.556,0.624,0.0,0.506,0.536,0.54,0.0,0.524,0.518,0.516,0.508,0.534,0.508,0.0,0.57,0.0,0.648,0.648,0.0,0.0,0.56,0.0,0.526,0.968,0.682,0.652,0.908,0.614,0.528,0.976,0.52,0.638
190,0.562,0.546,0.422,0.544,0.544,0.668,0.518,0.622,0.494,0.56,0.0,0.63,0.0,0.44,0.722,0.558,0.642,0.756,0.62,0.518,0.564,0.54,0.534,0.508,0.498,0.508,0.0,0.0,0.496,0.522,0.554,0.524,0.594,0.586,0.514,0.678,0.508,0.514,0.0,0.48,0.692,0.858,0.896,0.932,0.0,0.562,0.492,0.46,0.55,0.85
191,0.552,0.0,0.484,0.5,0.574,0.608,0.498,0.0,0.518,0.58,0.402,0.598,0.516,0.598,0.612,0.546,0.628,0.756,0.586,0.584,0.0,0.514,0.514,0.548,0.508,0.0,0.504,0.53,0.456,0.51,0.494,0.54,0.686,0.592,0.628,0.658,0.612,0.0,0.578,0.566,0.0,0.864,0.0,0.446,0.92,0.702,0.666,0.484,0.616,0.494
192,0.492,0.274,0.386,0.502,0.6,0.572,0.516,0.586,0.0,0.616,0.422,0.566,0.0,0.0,0.0,0.52,0.586,0.722,0.56,0.584,0.568,0.518,0.0,0.51,0.494,0.492,0.516,0.51,0.464,0.502,0.0,0.0,0.656,0.0,0.602,0.566,0.0,0.602,0.536,0.51,0.594,0.854,0.67,0.522,0.848,0.0,0.0,0.312,0.674,0.652
193,0.0,0.584,0.344,0.508,0.504,0.616,0.514,0.606,0.522,0.53,0.488,0.508,0.604,0.478,0.652,0.62,0.548,0.734,0.562,0.538,0.584,0.502,0.506,0.542,0.494,0.492,0.508,0.532,0.442,0.522,0.554,0.556,0.0,0.558,0.0,0.576,0.59,0.0,0.588,0.506,0.578,0.852,0.922,0.774,0.74,0.492,0.552,0.732,0.828,0.72
194,0.43,0.0,0.364,0.416,0.566,0.556,0.454,0.59,0.506,0.49,0.484,0.0,0.0,0.0,0.68,0.71,0.574,0.724,0.584,0.6,0.59,0.542,0.502,0.506,0.492,0.514,0.492,0.502,0.43,0.0,0.506,0.62,0.516,0.638,0.554,0.518,0.0,0.596,0.0,0.57,0.544,0.886,0.0,0.9,0.598,0.64,0.588,0.0,0.772,0.462
195,0.528,0.504,0.332,0.446,0.58,0.594,0.0,0.55,0.494,0.61,0.0,0.6,0.652,0.54,0.472,0.702,0.574,0.76,0.616,0.738,0.562,0.0,0.486,0.536,0.534,0.492,0.512,0.498,0.53,0.508,0.526,0.0,0.538,0.788,0.584,0.556,0.54,0.48,0.506,0.49,0.536,0.954,0.984,0.0,0.53,0.646,0.622,0.362,0.8,0.738
196,0.514,0.48,0.358,0.0,0.588,0.546,0.522,0.56,0.52,0.0,0.386,0.528,0.488,0.624,0.432,0.748,0.678,0.63,0.616,0.848,0.602,0.522,0.526,0.0,0.0,0.494,0.556,0.494,0.0,0.0,0.0,0.52,0.542,0.57,0.0,0.546,0.568,0.414,0.5,0.552,0.506,0.914,0.99,0.946,0.686,0.764,0.584,0.51,0.49,0.422
197,0.0,0.506,0.364,0.624,0.552,0.586,0.536,0.64,0.534,0.668,0.372,0.6,0.476,0.568,0.468,0.652,0.732,0.644,0.576,0.76,0.558,0.514,0.488,0.506,0.524,0.0,0.0,0.0,0.522,0.528,0.504,0.0,0.0,0.798,0.636,0.0,0.582,0.578,0.604,0.0,0.494,0.858,0.984,0.976,0.594,0.0,0.0,0.594,0.756,0.204
198,0.51,0.606,0.532,0.592,0.498,0.622,0.538,0.588,0.0,0.558,0.51,0.664,0.406,0.582,0.294,0.716,0.642,0.55,0.62,0.618,0.506,0.522,0.0,0.5,0.524,0.544,0.504,0.534,0.488,0.0,0.508,0.498,0.59,0.708,0.686,0.534,0.55,0.57,0.0,0.596,0.64,0.63,0.498,0.386,0.608,0.592,0.744,0.526,0.0,0.25
199,0.544,0.512,0.544,0.508,0.592,0.608,0.71,0.678,0.536,0.494,0.562,0.0,0.568,0.566,0.326,0.558,0.564,0.596,0.514,0.62,0.534,0.518,0.536,0.562,0.0,0.48,0.53,0.532,0.508,0.514,0.522,0.5,0.564,0.796,0.0,0.522,0.616,0.568,0.538,0.0,0.606,0.3,0.73,0.854,0.638,0.0,0.862,0.472,0.756,0.366
200,0.528,0.0,0.0,0.492,0.576,0.6,0.562,0.642,0.524,0.384,0.542,0.626,0.584,0.82,0.266,0.666,0.56,0.516,0.568,0.594,0.506,0.526,0.0,0.502,0.496,0.0,0.528,0.0,0.472,0.528,0.52,0.576,0.0,0.0,0.478,0.56,0.548,0.0,0.506,0.53,0.546,0.0,0.656,0.0,0.458,0.734,0.708,0.0,0.634,0.504
201,0.698,0.532,0.512,0.58,0.63,0.608,0.69,0.674,0.0,0.446,0.528,0.0,0.62,0.0,0.372,0.642,0.584,0.0,0.63,0.706,0.568,0.56,0.544,0.54,0.538,0.534,0.0,0.516,0.478,0.53,0.546,0.57,0.732,0.79,0.518,0.614,0.572,0.606,0.0,0.526,0.554,0.37,0.0,0.582,0.354,0.694,0.616,0.818,0.516,0.758
202,0.496,0.0,0.0,0.546,0.57,0.566,0.726,0.622,0.55,0.568,0.42,0.558,0.0,0.34,0.444,0.564,0.582,0.608,0.562,0.692,0.502,0.524,0.492,0.51,0.506,0.526,0.526,0.526,0.52,0.0,0.52,0.54,0.874,0.0,0.512,0.62,0.546,0.0,0.68,0.552,0.54,0.964,0.828,0.988,0.392,0.702,0.756,0.65,0.638,0.66
203,0.0,0.59,0.408,0.0,0.606,0.514,0.622,0.658,0.0,0.544,0.504,0.576,0.584,0.364,0.422,0.528,0.62,0.582,0.664,0.658,0.0,0.552,0.0,0.514,0.5,0.526,0.488,0.51,0.47,0.508,0.616,0.534,0.67,0.674,0.456,0.536,0.0,0.48,0.488,0.604,0.576,0.0,0.876,0.708,0.476,0.0,0.802,0.748,0.744,0.47
204,0.516,0.712,0.368,0.432,0.65,0.562,0.0,0.604,0.524,0.536,0.482,0.558,0.0,0.568,0.324,0.0,0.564,0.608,0.708,0.708,0.62,0.538,0.5,0.522,0.518,0.0,0.548,0.0,0.478,0.494,0.0,0.558,0.742,0.568,0.0,0.598,0.57,0.584,0.488,0.0,0.69,0.636,0.446,0.092,0.504,0.478,0.678,0.76,0.856,0.34
205,0.34,0.784,0.348,0.61,0.548,0.532,0.536,0.606,0.534,0.406,0.51,0.0,0.594,0.482,0.572,0.544,0.62,0.63,0.732,0.62,0.642,0.58,0.492,0.554,0.512,0.53,0.492,0.574,0.492,0.51,0.54,0.548,0.0,0.584,0.528,0.0,0.642,0.0,0.644,0.576,0.66,0.626,0.0,0.202,0.41,0.54,0.542,0.0,0.812,0.148
206,0.324,0.786,0.31,0.0,0.608,0.516,0.0,0.69,0.496,0.352,0.544,0.442,0.372,0.482,0.0,0.0,0.546,0.634,0.674,0.682,0.606,0.562,0.544,0.534,0.5,0.0,0.0,0.0,0.46,0.512,0.52,0.492,0.87,0.998,0.5,0.534,0.0,0.526,0.654,0.0,0.614,0.92,0.69,0.156,0.578,0.674,0.6,0.634,0.804,0.08
207,0.318,0.654,0.526,0.56,0.692,0.504,0.492,0.61,0.526,0.332,0.586,0.35,0.33,0.484,0.466,0.576,0.544,0.624,0.688,0.664,0.584,0.566,0.0,0.556,0.53,0.548,0.52,0.544,0.474,0.5,0.52,0.516,0.852,0.998,0.0,0.454,0.562,0.5,0.0,0.56,0.416,0.0,0.628,0.352,0.816,0.0,0.674,0.518,0.676,0.104
208,0.284,0.606,0.53,0.544,0.74,0.0,0.522,0.648,0.56,0.334,0.476,0.494,0.554,0.396,0.494,0.52,0.644,0.686,0.642,0.616,0.508,0.534,0.524,0.522,0.534,0.516,0.506,0.544,0.472,0.0,0.0,0.0,0.838,0.998,0.538,0.5,0.508,0.658,0.536,0.5,0.478,0.918,0.68,0.152,0.76,0.628,0.464,0.0,0.806,0.146
209,0.232,0.646,0.588,0.522,0.704,0.546,0.516,0.654,0.52,0.354,0.334,0.35,0.59,0.334,0.586,0.6,0.588,0.694,0.754,0.0,0.522,0.552,0.494,0.552,0.512,0.528,0.522,0.526,0.49,0.524,0.566,0.608,0.738,0.998,0.552,0.396,0.6,0.52,0.502,0.532,0.336,0.958,0.496,0.284,0.732,0.712,0.554,0.968,0.606,0.16
210,0.282,0.644,0.436,0.534,0.696,0.542,0.552,0.674,0.0,0.386,0.568,0.326,0.0,0.294,0.47,0.706,0.612,0.748,0.742,0.6,0.576,0.532,0.52,0.52,0.498,0.526,0.516,0.522,0.418,0.0,0.544,0.578,0.0,0.998,0.502,0.65,0.0,0.0,0.576,0.544,0.366,0.916,0.466,0.484,0.75,0.786,0.508,0.0,0.572,0.084
211,0.312,0.638,0.0,0.0,0.736,0.566,0.518,0.598,0.476,0.38,0.0,0.626,0.498,0.684,0.0,0.568,0.592,0.774,0.754,0.0,0.502,0.552,0.514,0.52,0.51,0.486,0.0,0.524,0.426,0.486,0.0,0.47,0.722,0.998,0.0,0.534,0.51,0.588,0.668,0.508,0.398,0.846,0.914,0.476,0.498,0.618,0.456,0.988,0.61,0.08
212,0.282,0.548,0.63,0.546,0.666,0.0,0.562,0.586,0.0,0.37,0.518,0.0,0.56,0.0,0.494,0.594,0.488,0.76,0.756,0.58,0.506,0.546,0.0,0.55,0.0,0.51,0.51,0.518,0.444,0.492,0.56,0.556,0.514,0.998,0.528,0.562,0.424,0.0,0.0,0.47,0.414,0.944,0.992,0.0,0.336,0.526,0.356,0.986,0.442,0.446
213,0.33,0.496,0.602,0.484,0.634,0.54,0.57,0.652,0.54,0.352,0.52,0.546,0.0,0.46,0.494,0.794,0.504,0.776,0.766,0.58,0.0,0.584,0.494,0.54,0.528,0.514,0.506,0.502,0.454,0.48,0.0,0.518,0.664,0.998,0.498,0.0,0.0,0.474,0.588,0.514,0.4,0.918,0.998,0.736,0.602,0.54,0.512,0.952,0.382,0.0
214,0.268,0.504,0.684,0.488,0.636,0.53,0.538,0.658,0.532,0.34,0.472,0.572,0.618,0.43,0.59,0.792,0.582,0.738,0.77,0.622,0.616,0.552,0.52,0.542,0.0,0.498,0.0,0.536,0.452,0.0,0.516,0.446,0.0,0.998,0.498,0.484,0.54,0.54,0.594,0.568,0.512,0.886,0.996,0.81,0.62,0.578,0.424,0.886,0.434,0.466
215,0.274,0.448,0.632,0.532,0.66,0.522,0.52,0.562,0.0,0.376,0.574,0.0,0.0,0.504,0.464,0.75,0.532,0.628,0.776,0.594,0.0,0.562,0.0,0.524,0.554,0.554,0.538,0.502,0.424,0.516,0.54,0.0,0.568,0.998,0.422,0.526,0.578,0.534,0.598,0.0,0.534,0.836,0.452,0.0,0.724,0.616,0.712,0.988,0.364,0.844
216,0.394,0.424,0.672,0.582,0.666,0.508,0.57,0.674,0.494,0.464,0.0,0.59,0.572,0.588,0.612,0.69,0.0,0.602,0.778,0.612,0.51,0.556,0.48,0.55,0.508,0.0,0.0,0.0,0.464,0.53,0.522,0.568,0.646,0.998,0.462,0.542,0.548,0.432,0.0,0.48,0.324,0.934,0.86,0.676,0.606,0.624,0.0,0.972,0.638,0.984
217,0.458,0.398,0.514,0.622,0.574,0.548,0.542,0.592,0.56,0.49,0.482,0.532,0.516,0.534,0.0,0.556,0.546,0.58,0.724,0.636,0.724,0.564,0.532,0.53,0.51,0.534,0.522,0.526,0.394,0.536,0.52,0.0,0.548,0.998,0.608,0.478,0.606,0.504,0.586,0.542,0.248,0.938,0.71,0.0,0.426,0.48,0.534,0.974,0.558,0.968
218,0.5,0.42,0.666,0.694,0.584,0.546,0.59,0.62,0.546,0.51,0.492,0.478,0.552,0.562,0.652,0.57,0.592,0.71,0.618,0.768,0.574,0.552,0.472,0.536,0.528,0.566,0.536,0.512,0.442,0.514,0.518,0.47,0.552,0.996,0.554,0.47,0.0,0.486,0.55,0.0,0.53,0.966,0.796,0.6,0.0,0.68,0.638,0.966,0.608,0.39
219,0.534,0.484,0.0,0.524,0.59,0.548,0.612,0.67,0.516,0.546,0.528,0.666,0.0,0.6,0.74,0.656,0.53,0.648,0.674,0.708,0.624,0.544,0.486,0.578,0.532,0.57,0.508,0.524,0.422,0.0,0.0,0.484,0.536,0.998,0.0,0.45,0.626,0.572,0.534,0.516,0.506,0.966,0.942,0.66,0.478,0.66,0.92,0.774,0.55,0.296
220,0.58,0.524,0.44,0.49,0.612,0.582,0.548,0.692,0.492,0.68,0.562,0.532,0.492,0.0,0.65,0.666,0.596,0.666,0.658,0.694,0.578,0.55,0.0,0.51,0.526,0.514,0.502,0.534,0.432,0.538,0.526,0.564,0.0,0.998,0.526,0.586,0.664,0.0,0.568,0.0,0.0,0.898,0.946,0.968,0.59,0.568,0.946,0.36,0.552,0.354
221,0.592,0.564,0.53,0.394,0.606,0.516,0.574,0.658,0.53,0.614,0.53,0.548,0.558,0.578,0.832,0.738,0.55,0.692,0.6,0.644,0.61,0.534,0.492,0.538,0.508,0.51,0.5,0.538,0.4,0.516,0.584,0.518,0.668,0.996,0.532,0.592,0.552,0.532,0.584,0.528,0.544,0.0,0.948,0.896,0.636,0.0,0.936,0.298,0.592,0.212
222,0.604,0.638,0.522,0.646,0.544,0.498,0.558,0.612,0.496,0.44,0.558,0.0,0.572,0.0,0.502,0.712,0.614,0.696,0.564,0.588,0.568,0.558,0.546,0.524,0.5,0.53,0.5,0.0,0.39,0.496,0.562,0.0,0.78,0.996,0.67,0.494,0.0,0.0,0.592,0.494,0.834,0.87,0.916,0.688,0.658,0.552,0.96,0.562,0.0,0.134
223,0.448,0.0,0.528,0.668,0.576,0.504,0.628,0.586,0.514,0.468,0.0,0.474,0.638,0.518,0.586,0.726,0.638,0.686,0.604,0.61,0.554,0.572,0.0,0.51,0.534,0.518,0.494,0.506,0.384,0.0,0.526,0.636,0.746,0.996,0.684,0.0,0.642,0.524,0.614,0.52,0.874,0.994,0.0,0.754,0.0,0.568,0.938,0.982,0.458,0.14
224,0.356,0.38,0.0,0.626,0.608,0.546,0.648,0.57,0.516,0.37,0.628,0.604,0.574,0.498,0.78,0.622,0.536,0.684,0.532,0.604,0.0,0.54,0.504,0.51,0.0,0.508,0.0,0.558,0.396,0.542,0.528,0.504,0.71,0.996,0.566,0.492,0.0,0.546,0.54,0.558,0.892,0.944,0.766,0.0,0.582,0.0,0.772,0.0,0.0,0.08
225,0.442,0.386,0.486,0.0,0.64,0.538,0.666,0.524,0.53,0.312,0.0,0.0,0.57,0.55,0.574,0.738,0.56,0.672,0.606,0.534,0.584,0.55,0.54,0.5,0.52,0.508,0.502,0.532,0.448,0.53,0.568,0.0,0.752,0.996,0.646,0.508,0.688,0.0,0.528,0.5,0.844,0.79,0.8,0.602,0.684,0.5,0.858,0.986,0.506,0.452
226,0.482,0.374,0.358,0.572,0.564,0.588,0.708,0.544,0.498,0.49,0.454,0.444,0.542,0.0,0.0,0.74,0.512,0.7,0.678,0.688,0.0,0.552,0.536,0.506,0.5,0.522,0.546,0.522,0.452,0.512,0.502,0.542,0.714,1.0,0.652,0.526,0.0,0.56,0.0,0.558,0.806,0.492,0.972,0.538,0.5,0.516,0.698,0.988,0.538,0.0
227,0.524,0.322,0.5,0.682,0.64,0.576,0.74,0.532,0.54,0.0,0.432,0.518,0.0,0.576,0.818,0.606,0.494,0.66,0.568,0.726,0.552,0.538,0.518,0.532,0.538,0.518,0.0,0.496,0.47,0.482,0.486,0.52,0.572,1.0,0.566,0.482,0.528,0.562,0.88,0.53,0.682,0.432,0.966,0.586,0.822,0.678,0.522,0.982,0.516,0.572
228,0.326,0.352,0.0,0.716,0.632,0.614,0.708,0.514,0.516,0.554,0.588,0.0,0.654,0.516,0.57,0.564,0.66,0.7,0.59,0.704,0.556,0.526,0.5,0.0,0.0,0.514,0.506,0.528,0.484,0.512,0.524,0.0,0.596,0.998,0.564,0.554,0.0,0.614,0.828,0.624,0.602,0.0,0.934,0.696,0.872,0.568,0.822,0.984,0.61,0.0
229,0.578,0.33,0.558,0.626,0.592,0.608,0.66,0.544,0.5,0.588,0.688,0.458,0.71,0.6,0.572,0.572,0.76,0.688,0.772,0.644,0.56,0.504,0.482,0.496,0.508,0.0,0.514,0.544,0.436,0.492,0.512,0.522,0.0,0.998,0.58,0.504,0.612,0.722,0.834,0.0,0.638,0.788,0.928,0.766,0.928,0.582,0.738,0.986,0.664,0.616
230,0.0,0.312,0.0,0.556,0.652,0.646,0.642,0.554,0.0,0.0,0.5,0.402,0.788,0.528,0.61,0.69,0.646,0.534,0.0,0.57,0.532,0.562,0.504,0.506,0.542,0.484,0.472,0.556,0.442,0.0,0.526,0.548,0.632,1.0,0.0,0.594,0.532,0.722,0.7,0.516,0.552,0.866,0.738,0.91,0.922,0.826,0.798,0.98,0.0,0.692
231,0.462,0.362,0.524,0.52,0.514,0.63,0.584,0.582,0.53,0.494,0.388,0.57,0.864,0.0,0.524,0.676,0.742,0.584,0.658,0.618,0.54,0.568,0.486,0.0,0.526,0.548,0.522,0.5,0.472,0.526,0.524,0.56,0.73,0.998,0.542,0.552,0.0,0.63,0.74,0.0,0.482,0.788,0.826,0.888,0.886,0.838,0.698,0.92,0.578,0.0
232,0.0,0.37,0.0,0.492,0.0,0.55,0.598,0.588,0.488,0.626,0.54,0.674,0.0,0.4,0.696,0.724,0.592,0.506,0.722,0.0,0.592,0.506,0.0,0.51,0.0,0.496,0.0,0.496,0.428,0.508,0.51,0.534,0.54,0.998,0.0,0.474,0.57,0.504,0.696,0.536,0.528,0.718,0.746,0.994,0.602,0.814,0.652,0.834,0.566,0.624
233,0.446,0.384,0.48,0.0,0.57,0.604,0.634,0.586,0.0,0.604,0.0,0.0,0.696,0.422,0.712,0.728,0.704,0.71,0.794,0.566,0.662,0.526,0.538,0.524,0.544,0.55,0.506,0.538,0.44,0.538,0.542,0.0,0.576,0.996,0.546,0.52,0.588,0.466,0.684,0.536,0.0,0.66,0.98,0.962,0.596,0.924,0.808,0.746,0.58,0.434
234,0.476,0.32,0.0,0.52,0.61,0.56,0.596,0.54,0.5,0.582,0.524,0.516,0.622,0.562,0.638,0.668,0.676,0.626,0.758,0.59,0.572,0.554,0.488,0.538,0.0,0.518,0.534,0.492,0.414,0.0,0.49,0.532,0.0,1.0,0.508,0.0,0.644,0.454,0.64,0.522,0.52,0.688,0.856,0.936,0.836,0.908,0.684,0.98,0.5,0.57
235,0.522,0.362,0.566,0.452,0.538,0.6,0.542,0.598,0.506,0.784,0.0,0.618,0.634,0.516,0.0,0.676,0.674,0.572,0.714,0.546,0.59,0.576,0.472,0.53,0.498,0.518,0.504,0.522,0.454,0.536,0.534,0.54,0.528,0.93,0.568,0.548,0.678,0.458,0.58,0.57,0.496,0.956,0.742,0.922,0.874,0.886,0.488,0.954,0.578,0.268
236,0.0,0.44,0.378,0.638,0.548,0.518,0.558,0.61,0.566,0.0,0.386,0.568,0.524,0.528,0.61,0.618,0.64,0.59,0.588,0.598,0.718,0.596,0.486,0.484,0.518,0.0,0.532,0.494,0.414,0.514,0.552,0.638,0.0,0.936,0.562,0.588,0.0,0.406,0.0,0.0,0.0,0.984,0.0,0.878,0.898,0.946,0.748,0.77,0.714,0.312
237,0.616,0.494,0.428,0.718,0.562,0.544,0.0,0.624,0.0,0.522,0.444,0.0,0.0,0.348,0.464,0.666,0.69,0.0,0.69,0.53,0.696,0.556,0.52,0.0,0.522,0.48,0.506,0.51,0.426,0.506,0.0,0.65,0.538,0.932,0.568,0.56,0.596,0.44,0.56,0.55,0.398,0.962,0.796,0.938,0.888,0.754,0.0,0.0,0.672,0.33
238,0.468,0.406,0.396,0.738,0.5,0.634,0.54,0.536,0.516,0.454,0.426,0.7,0.412,0.66,0.446,0.5,0.732,0.61,0.714,0.57,0.734,0.552,0.0,0.534,0.526,0.496,0.494,0.548,0.494,0.512,0.606,0.596,0.616,0.926,0.454,0.716,0.536,0.47,0.716,0.534,0.422,0.974,0.868,0.782,0.866,0.42,0.724,0.062,0.538,0.216
239,0.614,0.43,0.48,0.0,0.548,0.604,0.528,0.0,0.53,0.51,0.5,0.53,0.478,0.492,0.594,0.576,0.848,0.0,0.644,0.604,0.662,0.502,0.504,0.524,0.508,0.5,0.482,0.488,0.474,0.0,0.642,0.634,0.0,0.914,0.566,0.692,0.504,0.484,0.628,0.0,0.48,0.852,0.796,0.902,0.79,0.686,0.83,0.212,0.56,0.128
240,0.55,0.354,0.392,0.604,0.534,0.662,0.0,0.534,0.542,0.386,0.502,0.488,0.0,0.0,0.0,0.612,0.852,0.608,0.732,0.556,0.654,0.518,0.516,0.508,0.518,0.498,0.0,0.538,0.426,0.524,0.564,0.654,0.554,0.91,0.0,0.518,0.0,0.388,0.0,0.534,0.0,0.94,0.918,0.82,0.674,0.79,0.732,0.0,0.522,0.248
241,0.522,0.32,0.412,0.466,0.568,0.66,0.588,0.592,0.0,0.606,0.566,0.0,0.66,0.384,0.504,0.566,0.828,0.56,0.702,0.592,0.704,0.52,0.5,0.514,0.498,0.0,0.528,0.52,0.458,0.518,0.628,0.71,0.638,0.904,0.524,0.498,0.432,0.446,0.542,0.516,0.482,0.656,0.966,0.528,0.384,0.466,0.668,0.102,0.506,0.472
242,0.386,0.336,0.434,0.0,0.0,0.622,0.574,0.548,0.52,0.384,0.0,0.38,0.506,0.388,0.692,0.0,0.854,0.616,0.71,0.586,0.762,0.49,0.0,0.502,0.0,0.49,0.514,0.53,0.42,0.534,0.582,0.642,0.0,0.916,0.538,0.42,0.542,0.0,0.594,0.55,0.588,0.834,0.942,0.0,0.634,0.456,0.614,0.36,0.25,0.0
243,0.456,0.492,0.452,0.6,0.562,0.696,0.546,0.578,0.518,0.0,0.488,0.654,0.0,0.63,0.0,0.512,0.842,0.634,0.672,0.572,0.704,0.0,0.546,0.52,0.52,0.504,0.522,0.0,0.43,0.508,0.55,0.652,0.524,0.904,0.584,0.484,0.558,0.564,0.558,0.504,0.516,0.498,0.896,0.506,0.472,0.482,0.636,0.956,0.258,0.394
244,0.592,0.0,0.452,0.0,0.582,0.634,0.616,0.598,0.0,0.614,0.554,0.0,0.494,0.502,0.524,0.514,0.658,0.668,0.646,0.65,0.642,0.488,0.488,0.546,0.514,0.506,0.51,0.542,0.43,0.508,0.532,0.688,0.494,0.9,0.64,0.468,0.58,0.482,0.558,0.484,0.486,0.44,0.892,0.38,0.762,0.57,0.53,0.66,0.404,0.0
245,0.516,0.516,0.448,0.448,0.554,0.604,0.546,0.612,0.508,0.608,0.558,0.628,0.438,0.86,0.0,0.574,0.686,0.688,0.708,0.646,0.604,0.0,0.528,0.0,0.518,0.524,0.534,0.526,0.446,0.54,0.574,0.628,0.498,0.882,0.686,0.582,0.0,0.0,0.0,0.0,0.0,0.538,0.938,0.0,0.842,0.626,0.74,0.67,0.284,0.43
246,0.0,0.52,0.456,0.582,0.652,0.568,0.548,0.584,0.532,0.608,0.444,0.0,0.352,0.0,0.604,0.496,0.694,0.674,0.666,0.654,0.636,0.498,0.54,0.54,0.518,0.0,0.536,0.528,0.438,0.0,0.67,0.546,0.454,0.862,0.648,0.0,0.562,0.53,0.59,0.546,0.642,0.44,0.79,0.38,0.58,0.864,0.862,0.758,0.296,0.912
247,0.562,0.522,0.452,0.0,0.628,0.572,0.522,0.624,0.0,0.544,0.476,0.526,0.362,0.55,0.402,0.62,0.75,0.696,0.64,0.668,0.564,0.518,0.588,0.53,0.496,0.55,0.496,0.498,0.44,0.502,0.606,0.532,0.0,0.866,0.62,0.608,0.576,0.0,0.562,0.512,0.716,0.89,0.622,0.694,0.57,0.846,0.0,0.924,0.23,0.938
248,0.658,0.532,0.462,0.506,0.592,0.652,0.498,0.608,0.52,0.644,0.528,0.654,0.498,0.508,0.34,0.556,0.706,0.612,0.612,0.692,0.586,0.534,0.516,0.552,0.502,0.0,0.536,0.54,0.418,0.518,0.606,0.546,0.534,0.892,0.576,0.732,0.596,0.544,0.578,0.526,0.654,0.98,0.428,0.77,0.668,0.812,0.916,0.978,0.418,0.886
249,0.78,0.578,0.354,0.0,0.608,0.608,0.55,0.606,0.502,0.508,0.548,0.55,0.532,0.446,0.526,0.54,0.726,0.648,0.574,0.69,0.552,0.0,0.0,0.0,0.55,0.52,0.5,0.0,0.412,0.526,0.582,0.518,0.744,0.866,0.608,0.672,0.608,0.476,0.522,0.634,0.632,0.968,0.908,0.742,0.642,0.666,0.934,0.992,0.476,0.942
250,0.764,0.578,0.634,0.596,0.636,0.692,0.548,0.556,0.544,0.0,0.0,0.676,0.0,0.35,0.0,0.548,0.604,0.568,0.674,0.798,0.624,0.542,0.516,0.506,0.57,0.512,0.0,0.51,0.426,0.0,0.558,0.52,0.702,0.878,0.56,0.612,0.562,0.552,0.582,0.0,0.764,0.8,0.47,0.804,0.654,0.436,0.346,0.962,0.472,0.762
251,0.73,0.0,0.0,0.556,0.726,0.62,0.57,0.67,0.0,0.518,0.624,0.584,0.56,0.288,0.626,0.616,0.646,0.522,0.684,0.62,0.6,0.566,0.518,0.538,0.538,0.512,0.506,0.0,0.454,0.524,0.568,0.502,0.644,0.882,0.554,0.684,0.0,0.0,0.0,0.582,0.39,0.44,0.0,0.82,0.676,0.636,0.462,0.88,0.298,0.724
252,0.654,0.464,0.524,0.54,0.732,0.652,0.61,0.688,0.536,0.498,0.56,0.544,0.0,0.45,0.7,0.54,0.558,0.522,0.684,0.67,0.604,0.524,0.524,0.526,0.524,0.0,0.51,0.486,0.442,0.0,0.56,0.466,0.712,0.882,0.566,0.606,0.454,0.5,0.604,0.584,0.628,0.6,0.96,0.528,0.558,0.612,0.502,0.97,0.32,0.804
253,0.522,0.486,0.55,0.556,0.818,0.67,0.532,0.662,0.498,0.426,0.0,0.632,0.45,0.0,0.0,0.0,0.51,0.54,0.622,0.576,0.642,0.544,0.59,0.0,0.516,0.526,0.534,0.532,0.414,0.496,0.61,0.492,0.792,0.844,0.0,0.63,0.638,0.494,0.56,0.598,0.0,0.36,0.0,0.514,0.0,0.368,0.684,0.966,0.352,0.676
254,0.478,0.416,0.56,0.506,0.754,0.704,0.594,0.61,0.0,0.594,0.336,0.556,0.404,0.426,0.408,0.556,0.502,0.518,0.662,0.624,0.544,0.524,0.572,0.52,0.516,0.536,0.516,0.512,0.452,0.492,0.506,0.394,0.0,0.864,0.6,0.616,0.664,0.544,0.656,0.632,0.512,0.428,0.544,0.574,0.582,0.52,0.914,0.262,0.256,0.792
255,0.614,0.374,0.558,0.362,0.75,0.698,0.492,0.614,0.536,0.516,0.718,0.554,0.666,0.444,0.482,0.56,0.538,0.0,0.642,0.654,0.604,0.55,0.506,0.516,0.0,0.486,0.542,0.526,0.422,0.512,0.502,0.532,0.526,0.65,0.596,0.652,0.662,0.0,0.598,0.682,0.656,0.292,0.908,0.57,0.618,0.316,0.972,0.704,0.522,0.826
256,0.504,0.594,0.514,0.324,0.696,0.728,0.0,0.604,0.0,0.0,0.646,0.516,0.0,0.628,0.358,0.61,0.538,0.532,0.6,0.698,0.582,0.548,0.0,0.486,0.51,0.518,0.516,0.546,0.522,0.532,0.538,0.466,0.984,0.68,0.592,0.578,0.614,0.488,0.604,0.586,0.516,0.434,0.922,0.612,0.714,0.604,0.942,0.0,0.0,0.368
257,0.45,0.588,0.616,0.354,0.7,0.66,0.508,0.624,0.522,0.326,0.0,0.0,0.528,0.36,0.38,0.614,0.666,0.554,0.598,0.608,0.554,0.518,0.502,0.516,0.512,0.492,0.0,0.508,0.488,0.524,0.54,0.42,0.982,0.66,0.574,0.468,0.63,0.576,0.59,0.61,0.592,0.446,0.948,0.644,0.0,0.0,0.992,0.672,0.698,0.264
258,0.552,0.0,0.558,0.43,0.674,0.602,0.56,0.606,0.526,0.254,0.518,0.704,0.528,0.692,0.338,0.618,0.582,0.564,0.524,0.638,0.574,0.534,0.522,0.498,0.53,0.51,0.512,0.0,0.512,0.494,0.58,0.592,0.982,0.586,0.66,0.444,0.64,0.0,0.0,0.652,0.546,0.53,0.876,0.904,0.406,0.764,0.842,0.996,0.592,0.152
259,0.586,0.538,0.0,0.57,0.7,0.658,0.61,0.716,0.508,0.308,0.592,0.0,0.486,0.0,0.516,0.686,0.592,0.506,0.6,0.604,0.502,0.498,0.518,0.496,0.5,0.526,0.0,0.524,0.474,0.514,0.536,0.0,0.982,0.0,0.556,0.532,0.656,0.632,0.484,0.532,0.568,0.386,0.728,0.972,0.782,0.708,0.964,0.998,0.344,0.174
260,0.434,0.562,0.494,0.398,0.662,0.586,0.566,0.726,0.0,0.352,0.58,0.566,0.388,0.604,0.56,0.61,0.572,0.586,0.534,0.756,0.542,0.53,0.0,0.544,0.514,0.518,0.542,0.522,0.5,0.498,0.0,0.496,0.984,0.722,0.556,0.45,0.592,0.0,0.558,0.53,0.612,0.386,0.0,0.982,0.854,0.372,0.998,0.0,0.518,0.192
261,0.458,0.51,0.676,0.0,0.758,0.56,0.59,0.712,0.5,0.22,0.458,0.476,0.358,0.608,0.0,0.598,0.51,0.536,0.506,0.85,0.524,0.51,0.518,0.54,0.52,0.51,0.54,0.548,0.486,0.514,0.526,0.588,0.982,0.576,0.538,0.708,1.0,0.514,0.0,0.0,0.666,0.452,0.662,0.976,0.742,0.0,0.998,1.0,0.478,0.316
262,0.41,0.528,0.0,0.506,0.802,0.584,0.586,0.646,0.51,0.596,0.464,0.534,0.418,0.0,0.524,0.568,0.0,0.518,0.526,0.728,0.524,0.0,0.522,0.534,0.0,0.518,0.0,0.536,0.502,0.0,0.508,0.62,0.982,0.0,0.558,0.614,1.0,0.606,0.538,0.526,0.85,0.318,0.562,0.95,0.412,0.304,0.954,1.0,0.524,0.174
263,0.428,0.624,0.502,0.556,0.724,0.55,0.558,0.64,0.54,0.462,0.436,0.584,0.624,0.338,0.566,0.568,0.524,0.0,0.0,0.578,0.0,0.5,0.476,0.516,0.532,0.0,0.564,0.536,0.49,0.508,0.0,0.0,0.982,0.608,0.6,0.0,1.0,0.474,0.62,0.546,0.834,0.596,0.57,0.874,0.416,0.462,0.85,1.0,0.688,0.118
264,0.414,0.586,0.434,0.0,0.648,0.536,0.634,0.598,0.498,0.0,0.582,0.43,0.0,0.326,0.0,0.55,0.56,0.492,0.492,0.548,0.58,0.55,0.508,0.53,0.546,0.516,0.0,0.516,0.45,0.0,0.508,0.572,0.982,0.0,0.0,0.46,1.0,0.0,0.594,0.606,0.868,0.832,0.598,0.908,0.466,0.412,0.682,0.426,0.722,0.332
265,0.576,0.0,0.0,0.616,0.662,0.51,0.596,0.606,0.476,0.744,0.572,0.524,0.564,0.392,0.452,0.0,0.0,0.536,0.512,0.518,0.5,0.55,0.502,0.51,0.548,0.506,0.514,0.522,0.516,0.52,0.532,0.488,0.982,0.526,0.572,0.448,1.0,0.492,0.528,0.504,0.836,0.0,0.936,0.634,0.536,0.808,0.842,0.95,0.66,0.732
266,0.56,0.524,0.522,0.0,0.664,0.53,0.57,0.534,0.524,0.814,0.576,0.51,0.654,0.306,0.402,0.572,0.582,0.0,0.514,0.59,0.504,0.506,0.528,0.514,0.54,0.546,0.524,0.52,0.0,0.498,0.592,0.0,0.982,0.636,0.518,0.566,1.0,0.592,0.528,0.512,0.798,0.888,0.706,0.404,0.676,0.514,0.59,0.592,0.824,0.0
267,0.448,0.522,0.532,0.496,0.678,0.53,0.536,0.0,0.53,0.698,0.452,0.436,0.576,0.392,0.0,0.57,0.666,0.522,0.0,0.606,0.504,0.518,0.464,0.54,0.54,0.514,0.54,0.524,0.504,0.484,0.482,0.492,0.98,0.608,0.608,0.0,1.0,0.0,0.52,0.536,0.692,0.0,0.0,0.482,0.46,0.492,0.736,0.548,0.542,0.408
268,0.464,0.588,0.462,0.474,0.68,0.604,0.558,0.656,0.0,0.638,0.426,0.0,0.582,0.45,0.658,0.682,0.628,0.55,0.5,0.612,0.532,0.542,0.0,0.556,0.586,0.506,0.55,0.538,0.526,0.456,0.0,0.47,0.976,0.658,0.672,0.506,0.998,0.536,0.608,0.51,0.674,0.692,0.878,0.0,0.382,0.78,0.302,0.948,0.544,0.398
269,0.59,0.484,0.418,0.536,0.706,0.0,0.0,0.56,0.508,0.0,0.388,0.278,0.554,0.618,0.702,0.708,0.688,0.526,0.52,0.558,0.6,0.54,0.518,0.526,0.526,0.0,0.534,0.534,0.53,0.494,0.628,0.572,0.962,0.718,0.658,0.59,1.0,0.512,0.576,0.0,0.698,0.87,0.976,0.492,0.328,0.866,0.372,0.944,0.43,0.66
270,0.524,0.604,0.0,0.42,0.69,0.526,0.578,0.0,0.518,0.492,0.35,0.582,0.0,0.46,0.602,0.608,0.606,0.572,0.562,0.546,0.506,0.532,0.526,0.544,0.552,0.498,0.52,0.55,0.536,0.48,0.614,0.484,0.954,0.542,0.676,0.954,1.0,0.0,0.626,0.558,0.738,0.982,0.98,0.704,0.26,0.818,0.816,0.766,0.676,0.64
271,0.466,0.67,0.55,0.476,0.578,0.546,0.618,0.684,0.0,0.52,0.442,0.56,0.408,0.0,0.56,0.568,0.64,0.558,0.5,0.602,0.594,0.51,0.542,0.548,0.552,0.49,0.54,0.544,0.0,0.462,0.648,0.498,0.944,0.0,0.592,0.95,1.0,0.598,0.578,0.55,0.776,0.792,0.952,0.78,0.356,0.776,0.0,0.0,0.792,0.856
272,0.69,0.608,0.576,0.458,0.578,0.0,0.624,0.666,0.52,0.492,0.44,0.0,0.506,0.586,0.664,0.64,0.0,0.6,0.57,0.53,0.588,0.534,0.522,0.53,0.556,0.484,0.504,0.544,0.494,0.544,0.658,0.494,0.95,0.686,0.65,0.962,0.998,0.602,0.708,0.498,0.782,0.814,0.986,0.944,0.636,0.492,0.542,0.908,0.716,0.0
273,0.638,0.678,0.0,0.48,0.58,0.594,0.576,0.692,0.502,0.394,0.406,0.512,0.442,0.41,0.0,0.592,0.598,0.54,0.588,0.554,0.552,0.568,0.512,0.572,0.584,0.502,0.506,0.54,0.484,0.0,0.0,0.482,0.904,0.648,0.0,0.944,0.998,0.502,0.644,0.502,0.828,0.128,0.984,0.978,0.0,0.784,0.508,0.994,0.634,0.928
274,0.654,0.724,0.494,0.488,0.588,0.534,0.552,0.62,0.564,0.57,0.366,0.582,0.398,0.634,0.402,0.606,0.612,0.548,0.54,0.582,0.56,0.588,0.534,0.562,0.56,0.506,0.552,0.552,0.502,0.534,0.574,0.568,0.846,0.596,0.536,0.952,0.998,0.61,0.578,0.534,0.756,0.176,0.984,0.66,0.584,0.842,0.714,0.524,0.62,0.516
275,0.0,0.766,0.48,0.0,0.52,0.516,0.584,0.588,0.0,0.478,0.46,0.0,0.368,0.398,0.644,0.538,0.578,0.612,0.582,0.55,0.646,0.564,0.54,0.52,0.548,0.504,0.0,0.524,0.478,0.522,0.55,0.484,0.844,0.0,0.0,0.948,0.998,0.0,0.642,0.518,0.898,0.29,0.938,0.402,0.518,0.964,0.326,0.0,0.522,0.584
276,0.562,0.7,0.488,0.482,0.512,0.532,0.59,0.514,0.52,0.608,0.456,0.48,0.388,0.0,0.0,0.0,0.56,0.514,0.6,0.55,0.614,0.57,0.486,0.534,0.612,0.538,0.514,0.516,0.498,0.532,0.0,0.418,0.824,0.714,0.516,0.954,0.998,0.506,0.716,0.516,0.838,0.308,0.912,0.936,0.0,0.968,0.83,0.802,0.0,0.996
277,0.728,0.682,0.0,0.578,0.0,0.554,0.676,0.54,0.54,0.0,0.408,0.412,0.312,0.526,0.488,0.482,0.564,0.59,0.548,0.524,0.616,0.576,0.462,0.516,0.598,0.498,0.518,0.0,0.534,0.508,0.596,0.476,0.984,0.722,0.506,0.94,0.998,0.548,0.622,0.0,0.82,0.684,0.948,0.592,0.642,0.932,0.0,0.556,0.512,0.958
278,0.668,0.728,0.496,0.622,0.534,0.51,0.746,0.604,0.0,0.478,0.334,0.416,0.296,0.518,0.406,0.566,0.562,0.528,0.56,0.53,0.62,0.596,0.486,0.526,0.568,0.494,0.522,0.552,0.492,0.0,0.574,0.562,0.982,0.614,0.554,0.932,0.996,0.602,0.564,0.484,0.72,0.786,0.976,0.0,0.602,0.636,0.73,0.984,0.562,0.896
279,0.0,0.714,0.538,0.614,0.644,0.0,0.782,0.596,0.548,0.606,0.574,0.436,0.298,0.0,0.53,0.592,0.584,0.538,0.58,0.498,0.588,0.596,0.42,0.534,0.592,0.524,0.504,0.496,0.51,0.496,0.538,0.0,0.984,0.592,0.568,0.928,0.996,0.692,0.488,0.53,0.636,0.872,0.932,0.782,0.674,0.354,0.904,1.0,0.426,0.0
280,0.506,0.732,0.0,0.6,0.658,0.534,0.722,0.57,0.494,0.0,0.512,0.336,0.264,0.6,0.0,0.502,0.626,0.504,0.556,0.508,0.608,0.586,0.42,0.522,0.574,0.53,0.496,0.528,0.48,0.528,0.526,0.496,0.984,0.596,0.556,0.874,0.996,0.598,0.554,0.556,0.624,0.718,0.828,0.872,0.652,0.656,0.97,0.978,0.514,0.636
281,0.418,0.666,0.466,0.558,0.574,0.566,0.74,0.62,0.532,0.596,0.0,0.328,0.264,0.656,0.464,0.512,0.0,0.576,0.526,0.558,0.608,0.552,0.426,0.55,0.564,0.506,0.518,0.506,0.49,0.53,0.532,0.0,0.982,0.57,0.584,0.836,0.98,0.534,0.564,0.0,0.696,0.844,0.948,0.0,0.626,0.0,0.984,0.954,0.0,0.958
282,0.35,0.698,0.506,0.46,0.566,0.526,0.72,0.574,0.494,0.0,0.51,0.308,0.342,0.828,0.38,0.534,0.552,0.0,0.518,0.53,0.582,0.562,0.388,0.528,0.55,0.578,0.532,0.474,0.492,0.0,0.0,0.546,0.982,0.55,0.572,0.786,0.992,0.572,0.0,0.522,0.612,0.0,0.94,0.916,0.644,0.63,0.0,0.998,0.498,0.0
283,0.344,0.758,0.398,0.606,0.546,0.648,0.732,0.0,0.49,0.558,0.0,0.554,0.268,0.622,0.0,0.0,0.552,0.554,0.502,0.51,0.0,0.574,0.39,0.538,0.596,0.526,0.0,0.516,0.522,0.522,0.544,0.0,0.982,0.78,0.49,0.744,0.994,0.504,0.532,0.56,0.71,0.59,0.938,0.81,0.666,0.884,0.994,1.0,0.506,0.846
284,0.322,0.762,0.572,0.0,0.622,0.59,0.68,0.648,0.494,0.598,0.522,0.0,0.486,0.524,0.57,0.554,0.54,0.63,0.0,0.0,0.54,0.574,0.376,0.52,0.594,0.54,0.514,0.518,0.0,0.512,0.0,0.578,0.966,0.514,0.524,0.728,0.994,0.54,0.614,0.638,0.578,0.704,0.91,0.778,0.638,0.0,0.974,0.55,0.506,0.0
285,0.514,0.762,0.0,0.58,0.6,0.58,0.736,0.696,0.516,0.598,0.516,0.518,0.0,0.718,0.498,0.512,0.588,0.552,0.54,0.52,0.0,0.578,0.39,0.506,0.588,0.536,0.0,0.0,0.508,0.514,0.532,0.0,0.988,0.582,0.532,0.714,0.992,0.554,0.564,0.538,0.628,0.766,0.83,0.83,0.512,0.87,0.802,0.836,0.798,0.576
286,0.546,0.688,0.548,0.582,0.542,0.64,0.752,0.784,0.0,0.382,0.462,0.0,0.5,0.582,0.0,0.526,0.556,0.546,0.0,0.604,0.532,0.592,0.394,0.538,0.55,0.56,0.528,0.538,0.478,0.0,0.544,0.566,0.986,0.0,0.58,0.634,0.994,0.538,0.0,0.524,0.634,0.704,0.794,0.816,0.53,0.744,0.552,0.0,0.604,0.6
287,0.0,0.67,0.0,0.534,0.602,0.528,0.74,0.716,0.524,0.468,0.566,0.458,0.572,0.512,0.454,0.532,0.62,0.544,0.524,0.57,0.508,0.56,0.424,0.524,0.554,0.55,0.532,0.0,0.492,0.526,0.538,0.52,0.986,0.534,0.582,0.624,0.992,0.57,0.61,0.552,0.654,0.938,0.798,0.826,0.396,0.742,0.99,0.994,0.0,0.716
288,0.596,0.642,0.436,0.52,0.648,0.534,0.67,0.728,0.508,0.576,0.0,0.546,0.546,0.52,0.664,0.542,0.67,0.65,0.546,0.672,0.49,0.57,0.364,0.532,0.614,0.516,0.512,0.514,0.492,0.544,0.0,0.478,0.986,0.0,0.692,0.568,0.992,0.512,0.0,0.504,0.48,0.0,0.556,0.806,0.328,0.854,0.0,0.916,0.684,0.91
289,0.548,0.708,0.558,0.472,0.0,0.6,0.606,0.594,0.516,0.0,0.474,0.562,0.0,0.51,0.0,0.616,0.638,0.668,0.596,0.586,0.554,0.592,0.402,0.536,0.572,0.53,0.548,0.524,0.5,0.0,0.514,0.556,0.986,0.592,0.636,0.592,0.986,0.606,0.52,0.496,0.458,0.83,0.0,0.974,0.326,0.852,0.67,0.0,0.656,0.458
290,0.528,0.684,0.0,0.46,0.706,0.608,0.62,0.654,0.0,0.538,0.0,0.486,0.482,0.346,0.502,0.564,0.616,0.59,0.614,0.654,0.518,0.61,0.376,0.514,0.546,0.54,0.552,0.0,0.484,0.506,0.516,0.564,0.986,0.0,0.61,0.0,0.532,0.0,0.514,0.544,0.442,0.986,0.59,0.974,0.484,0.888,0.764,0.992,0.636,0.0
291,0.552,0.696,0.558,0.354,0.638,0.6,0.554,0.594,0.51,0.0,0.402,0.572,0.592,0.258,0.62,0.612,0.622,0.55,0.548,0.502,0.542,0.596,0.352,0.532,0.588,0.538,0.52,0.512,0.52,0.53,0.526,0.0,0.984,0.634,0.624,0.578,0.514,0.494,0.512,0.0,0.496,0.982,0.674,0.986,0.242,0.946,0.874,0.896,0.68,0.898
292,0.658,0.666,0.534,0.326,0.642,0.6,0.0,0.578,0.0,0.62,0.574,0.0,0.538,0.32,0.0,0.602,0.676,0.588,0.592,0.56,0.56,0.588,0.356,0.534,0.528,0.55,0.53,0.0,0.0,0.534,0.52,0.562,0.978,0.0,0.664,0.55,0.512,0.542,0.572,0.566,0.46,0.982,0.608,0.992,0.118,0.0,0.58,0.0,0.0,0.838
293,0.67,0.758,0.548,0.32,0.652,0.548,0.566,0.608,0.508,0.752,0.518,0.532,0.61,0.28,0.558,0.51,0.612,0.548,0.514,0.564,0.508,0.564,0.362,0.5,0.512,0.558,0.516,0.522,0.528,0.52,0.596,0.604,0.978,0.744,0.48,0.0,0.576,0.0,0.0,0.498,0.364,0.97,0.688,0.984,0.182,0.758,0.506,0.932,0.494,0.616
294,0.558,0.686,0.584,0.3,0.652,0.62,0.576,0.55,0.512,0.468,0.52,0.552,0.746,0.77,0.0,0.54,0.548,0.6,0.53,0.52,0.534,0.578,0.33,0.52,0.53,0.514,0.544,0.506,0.518,0.0,0.54,0.608,0.958,0.628,0.54,0.62,0.522,0.604,0.566,0.66,0.382,0.932,0.74,0.994,0.488,0.926,0.602,1.0,0.732,0.0
295,0.522,0.632,0.722,0.35,0.662,0.696,0.588,0.616,0.524,0.53,0.552,0.0,0.818,0.326,0.596,0.522,0.626,0.558,0.564,0.528,0.54,0.604,0.36,0.0,0.51,0.526,0.54,0.484,0.0,0.496,0.536,0.64,0.948,0.74,0.55,0.0,0.494,0.67,0.0,0.636,0.534,0.8,0.74,0.99,0.494,0.556,0.54,1.0,0.58,0.624
296,0.432,0.594,0.624,0.556,0.646,0.564,0.514,0.556,0.52,0.0,0.508,0.454,0.662,0.0,0.578,0.482,0.686,0.576,0.0,0.476,0.564,0.562,0.372,0.544,0.528,0.488,0.538,0.504,0.528,0.5,0.548,0.62,0.836,0.512,0.0,0.504,0.57,0.854,0.49,0.674,0.57,0.0,0.66,0.982,0.452,0.866,0.0,0.998,0.702,0.408
297,0.51,0.602,0.644,0.0,0.71,0.6,0.0,0.542,0.508,0.346,0.466,0.48,0.554,0.336,0.0,0.508,0.608,0.548,0.538,0.508,0.574,0.54,0.362,0.524,0.482,0.52,0.556,0.52,0.0,0.492,0.0,0.606,0.868,0.0,0.568,0.536,0.578,0.792,0.626,0.626,0.614,0.654,0.0,0.988,0.392,0.736,0.684,0.84,0.772,0.61
298,0.686,0.514,0.646,0.5,0.672,0.566,0.564,0.52,0.52,0.254,0.416,0.508,0.496,0.328,0.688,0.0,0.638,0.512,0.564,0.0,0.544,0.55,0.302,0.53,0.468,0.52,0.52,0.526,0.496,0.496,0.544,0.612,0.776,0.55,0.526,0.53,0.55,0.766,0.446,0.646,0.0,0.836,0.592,0.964,0.184,0.0,0.662,0.922,0.842,0.582
299,0.65,0.594,0.0,0.408,0.674,0.526,0.502,0.558,0.52,0.252,0.376,0.62,0.492,0.316,0.0,0.58,0.618,0.57,0.544,0.56,0.488,0.572,0.348,0.504,0.538,0.512,0.544,0.0,0.476,0.0,0.594,0.586,0.638,0.652,0.53,0.49,0.508,0.682,0.0,0.64,0.568,0.868,0.644,0.914,0.458,0.92,0.646,0.994,0.668,0.734
300,0.58,0.6,0.652,0.42,0.698,0.59,0.0,0.562,0.544,0.278,0.522,0.63,0.0,0.328,0.584,0.532,0.552,0.57,0.0,0.578,0.58,0.574,0.368,0.0,0.528,0.506,0.57,0.538,0.502,0.512,0.55,0.548,0.612,0.442,0.54,0.534,0.56,0.686,0.494,0.58,0.0,0.54,0.464,0.964,0.0,0.78,0.686,0.968,0.418,0.508
301,0.684,0.0,0.544,0.334,0.718,0.0,0.486,0.562,0.548,0.332,0.44,0.68,0.388,0.256,0.284,0.552,0.604,0.598,0.534,0.606,0.558,0.556,0.354,0.498,0.512,0.52,0.562,0.554,0.51,0.482,0.508,0.55,0.682,0.542,0.544,0.0,0.564,0.562,0.566,0.552,0.546,0.744,0.54,0.94,0.712,0.0,0.874,0.0,0.682,0.5
302,0.708,0.59,0.548,0.344,0.69,0.492,0.586,0.514,0.532,0.228,0.604,0.588,0.6,0.518,0.304,0.544,0.6,0.552,0.558,0.554,0.0,0.562,0.336,0.0,0.522,0.0,0.56,0.508,0.49,0.518,0.5,0.0,0.562,0.0,0.682,0.66,0.494,0.574,0.55,0.608,0.0,0.0,0.0,0.71,0.438,0.936,0.994,0.914,0.498,0.7
303,0.664,0.594,0.604,0.426,0.734,0.558,0.0,0.554,0.532,0.31,0.58,0.61,0.0,0.0,0.344,0.554,0.568,0.548,0.522,0.544,0.592,0.554,0.382,0.496,0.528,0.506,0.586,0.542,0.46,0.498,0.538,0.528,0.0,0.56,0.558,0.0,0.554,0.556,0.0,0.586,0.504,0.612,0.892,0.716,0.464,0.888,1.0,0.83,0.532,0.366
304,0.652,0.556,0.0,0.51,0.676,0.54,0.608,0.556,0.564,0.252,0.578,0.0,0.504,0.436,0.566,0.536,0.53,0.618,0.552,0.838,0.548,0.556,0.428,0.528,0.536,0.53,0.556,0.542,0.484,0.536,0.59,0.572,0.548,0.79,0.542,0.528,0.572,0.0,0.588,0.556,0.0,0.936,0.962,0.0,0.574,0.928,1.0,0.936,0.656,0.78
305,0.572,0.432,0.434,0.398,0.638,0.0,0.536,0.0,0.566,0.288,0.0,0.492,0.0,0.408,0.0,0.0,0.492,0.59,0.554,0.668,0.578,0.538,0.39,0.528,0.542,0.0,0.552,0.506,0.512,0.0,0.67,0.0,0.0,0.85,0.0,0.618,0.0,0.612,0.576,0.576,0.402,0.94,0.968,0.58,0.0,0.956,0.998,0.98,0.556,0.0
