n_policy,PPO_Ant_seed1_best_last_deg_paired_diff_probpos,PPO_Ant_seed2_best_last_deg_paired_diff_probpos,PPO_Ant_seed3_best_last_deg_paired_diff_probpos,PPO_Ant_seed4_best_last_deg_paired_diff_probpos,PPO_Humanoid_seed1_best_last_deg_paired_diff_probpos,PPO_Humanoid_seed2_best_last_deg_paired_diff_probpos,PPO_Humanoid_seed3_best_last_deg_paired_diff_probpos,PPO_Humanoid_seed4_best_last_deg_paired_diff_probpos,PPO_HumanoidStandup_seed1_best_last_deg_paired_diff_probpos,PPO_Ant_seed5_best_last_deg_paired_diff_probpos,PPO_Ant_seed6_best_last_deg_paired_diff_probpos,PPO_Ant_seed7_best_last_deg_paired_diff_probpos,PPO_Ant_seed8_best_last_deg_paired_diff_probpos,PPO_Ant_seed9_best_last_deg_paired_diff_probpos,PPO_Ant_seed10_best_last_deg_paired_diff_probpos,PPO_Humanoid_seed5_best_last_deg_paired_diff_probpos,PPO_Humanoid_seed6_best_last_deg_paired_diff_probpos,PPO_Humanoid_seed7_best_last_deg_paired_diff_probpos,PPO_Humanoid_seed8_best_last_deg_paired_diff_probpos,PPO_Humanoid_seed9_best_last_deg_paired_diff_probpos,PPO_Humanoid_seed10_best_last_deg_paired_diff_probpos,PPO_HumanoidStandup_seed2_best_last_deg_paired_diff_probpos,PPO_HumanoidStandup_seed3_best_last_deg_paired_diff_probpos,PPO_HumanoidStandup_seed4_best_last_deg_paired_diff_probpos,PPO_HumanoidStandup_seed5_best_last_deg_paired_diff_probpos,PPO_HumanoidStandup_seed6_best_last_deg_paired_diff_probpos,PPO_HumanoidStandup_seed7_best_last_deg_paired_diff_probpos,PPO_HumanoidStandup_seed8_best_last_deg_paired_diff_probpos,PPO_HumanoidStandup_seed9_best_last_deg_paired_diff_probpos,PPO_HumanoidStandup_seed10_best_last_deg_paired_diff_probpos,PPO_HalfCheetah_seed1_best_last_deg_paired_diff_probpos,PPO_HalfCheetah_seed2_best_last_deg_paired_diff_probpos,PPO_HalfCheetah_seed3_best_last_deg_paired_diff_probpos,PPO_HalfCheetah_seed4_best_last_deg_paired_diff_probpos,PPO_HalfCheetah_seed5_best_last_deg_paired_diff_probpos,PPO_HalfCheetah_seed6_best_last_deg_paired_diff_probpos,PPO_HalfCheetah_seed7_best_last_deg_paired_diff_probpos,PPO_HalfCheetah_seed8_best_last_deg_paired_diff_probpos,PPO_HalfCheetah_seed9_best_last_deg_paired_diff_probpos,PPO_HalfCheetah_seed10_best_last_deg_paired_diff_probpos,PPO_Walker2d_seed1_best_last_deg_paired_diff_probpos,PPO_Walker2d_seed2_best_last_deg_paired_diff_probpos,PPO_Walker2d_seed3_best_last_deg_paired_diff_probpos,PPO_Walker2d_seed4_best_last_deg_paired_diff_probpos,PPO_Walker2d_seed5_best_last_deg_paired_diff_probpos,PPO_Walker2d_seed6_best_last_deg_paired_diff_probpos,PPO_Walker2d_seed7_best_last_deg_paired_diff_probpos,PPO_Walker2d_seed8_best_last_deg_paired_diff_probpos,PPO_Walker2d_seed9_best_last_deg_paired_diff_probpos,PPO_Walker2d_seed10_best_last_deg_paired_diff_probpos
0,0.0,0.0,0.0,0.0,0.0,0.0,0.0,0.0,0.0,0.0,0.0,0.0,0.0,0.0,0.0,0.0,0.0,0.0,0.0,0.0,0.0,0.0,0.0,0.0,0.0,0.0,0.0,0.0,0.0,0.0,0.0,0.0,0.0,0.0,0.0,0.0,0.0,0.0,0.0,0.0,0.0,0.0,0.0,0.0,0.0,0.0,0.0,0.0,0.0,0.0
1,0.414,0.874,1.0,0.878,0.0,0.998,0.0,0.0,0.0,1.0,0.0,0.946,0.846,0.0,1.0,0.97,0.0,0.0,0.0,0.0,0.0,0.0,0.0,0.0,0.0,0.0,0.0,0.0,0.0,0.0,0.974,1.0,0.776,0.994,0.816,0.978,0.948,1.0,0.652,0.984,0.0,0.0,0.0,0.0,0.0,0.0,0.0,0.0,0.0,0.0
2,0.0,0.912,1.0,1.0,0.0,1.0,0.0,0.0,0.0,0.954,0.998,1.0,0.558,0.996,1.0,0.0,0.754,0.0,0.0,1.0,0.0,0.0,0.0,0.0,0.0,0.0,0.0,0.0,0.0,0.0,1.0,0.998,0.956,1.0,0.952,0.986,0.988,0.996,0.0,1.0,0.91,0.0,0.0,0.0,0.0,0.954,1.0,0.998,0.484,0.8
3,0.822,0.99,1.0,1.0,0.616,0.0,0.702,0.0,0.0,0.996,0.98,1.0,0.0,1.0,0.982,0.0,0.0,0.0,0.0,0.0,0.0,0.726,0.0,0.52,0.93,0.584,0.0,0.0,0.0,0.0,1.0,1.0,0.744,1.0,0.998,0.0,0.952,1.0,0.0,0.0,0.958,0.0,0.0,0.0,0.0,0.0,0.984,1.0,0.0,0.804
4,0.998,0.642,0.998,0.988,0.67,0.0,0.0,0.0,0.0,0.994,0.0,1.0,0.796,0.994,0.722,0.852,0.0,0.888,0.914,0.944,0.508,0.0,0.0,0.914,0.952,0.818,0.0,0.982,0.786,0.0,0.956,0.0,0.0,1.0,1.0,0.0,0.0,0.98,0.0,1.0,0.0,0.0,0.0,0.0,0.0,0.0,0.852,1.0,0.0,0.0
5,0.978,0.742,1.0,0.464,0.942,0.0,0.0,0.0,0.0,0.0,0.0,1.0,0.828,0.98,0.828,0.982,0.868,0.99,0.982,0.996,0.0,0.42,0.598,1.0,0.88,0.0,0.708,0.98,0.79,0.0,0.952,0.0,1.0,0.984,0.0,0.0,0.0,0.834,0.0,0.0,0.0,0.0,0.804,0.0,0.834,0.948,0.788,1.0,0.0,0.552
6,1.0,0.596,0.992,0.764,0.998,0.62,0.924,0.838,0.0,0.55,0.0,1.0,0.622,0.964,0.802,0.998,0.0,0.998,0.98,1.0,0.0,0.0,0.828,0.686,0.682,0.49,0.534,0.992,0.864,0.0,1.0,0.854,1.0,0.922,0.0,0.0,1.0,0.558,1.0,0.0,0.9,0.0,0.664,0.0,0.0,0.0,0.0,1.0,0.976,0.0
7,0.974,0.896,0.62,0.758,1.0,0.874,0.82,1.0,0.568,0.536,0.624,0.982,0.602,0.978,0.538,1.0,0.952,1.0,1.0,1.0,0.754,0.68,0.652,0.882,0.666,0.0,0.762,0.996,0.76,0.604,0.92,0.0,1.0,0.74,0.0,1.0,1.0,0.696,0.0,0.982,0.0,0.0,0.0,0.0,0.0,0.0,0.958,1.0,0.0,0.0
8,0.836,0.968,0.698,0.794,1.0,0.964,0.936,1.0,0.0,0.872,0.794,0.876,0.826,0.942,0.808,1.0,1.0,1.0,1.0,1.0,0.87,0.62,0.0,0.534,0.71,0.0,0.862,1.0,0.722,0.594,0.0,0.0,1.0,0.0,0.846,1.0,1.0,0.804,0.0,1.0,0.0,0.0,0.0,0.0,0.0,0.0,0.0,0.956,0.0,0.0
9,0.91,0.982,0.772,0.6,1.0,0.998,0.94,1.0,0.784,0.918,0.918,0.94,0.778,0.956,0.436,1.0,1.0,1.0,1.0,1.0,0.952,0.72,0.564,0.808,0.416,0.0,0.606,0.998,0.518,0.772,0.368,0.0,0.95,0.906,0.98,1.0,1.0,1.0,0.676,1.0,0.0,0.0,0.0,0.0,0.996,0.0,0.0,0.0,0.0,0.0
10,0.978,0.974,0.912,0.406,1.0,1.0,1.0,1.0,0.832,0.97,0.952,0.97,0.878,0.93,0.542,1.0,1.0,1.0,1.0,1.0,0.998,0.68,0.47,0.496,0.536,0.0,0.568,1.0,0.54,0.78,0.0,0.644,0.97,0.886,0.996,1.0,1.0,1.0,0.988,1.0,0.0,0.0,0.0,0.0,0.0,0.0,0.0,0.0,0.516,0.0
11,0.95,0.834,0.962,0.76,1.0,1.0,1.0,1.0,0.65,0.91,0.974,0.932,0.882,0.952,0.724,1.0,1.0,1.0,1.0,1.0,1.0,0.332,0.434,0.976,0.52,0.662,0.626,1.0,0.57,0.836,1.0,0.95,1.0,0.994,1.0,1.0,1.0,1.0,1.0,1.0,0.0,0.0,0.0,0.0,0.0,0.0,0.0,0.0,0.0,0.0
12,0.994,0.956,0.986,0.84,1.0,1.0,1.0,1.0,0.926,0.928,0.96,0.988,0.872,0.966,0.928,1.0,1.0,1.0,1.0,1.0,1.0,0.402,0.416,0.982,0.704,0.818,0.752,0.998,0.8,0.676,0.544,0.974,1.0,1.0,1.0,1.0,1.0,1.0,1.0,1.0,0.0,0.0,0.0,0.498,0.0,0.0,0.0,0.0,0.0,0.0
13,0.968,0.954,0.996,0.928,1.0,1.0,1.0,1.0,0.866,0.938,0.988,0.996,0.982,0.966,0.932,1.0,1.0,1.0,1.0,1.0,1.0,0.532,0.5,0.988,0.858,0.912,0.79,0.986,0.974,0.67,0.994,1.0,1.0,0.998,1.0,1.0,1.0,1.0,1.0,1.0,0.0,0.59,0.0,0.474,0.0,0.0,0.496,0.0,0.0,0.0
14,0.97,0.966,0.994,0.946,1.0,1.0,1.0,1.0,0.906,0.958,0.988,1.0,0.986,0.984,0.888,1.0,1.0,1.0,1.0,1.0,1.0,0.774,0.428,0.998,0.902,0.914,0.962,0.938,0.996,0.628,1.0,1.0,1.0,0.0,1.0,1.0,1.0,1.0,0.918,1.0,0.0,0.0,0.54,0.518,0.0,0.0,0.906,0.0,0.66,0.0
15,0.98,0.982,0.994,0.99,1.0,1.0,1.0,1.0,0.852,0.966,0.986,1.0,1.0,0.996,0.944,1.0,1.0,1.0,1.0,1.0,1.0,0.872,0.498,1.0,0.73,0.922,0.894,0.924,0.984,0.0,1.0,1.0,1.0,0.0,1.0,1.0,1.0,1.0,1.0,1.0,0.0,0.0,0.0,0.774,0.0,0.0,0.958,0.548,0.922,0.0
16,0.992,0.996,0.998,0.988,1.0,1.0,1.0,1.0,0.9,0.984,0.998,1.0,0.996,0.994,0.942,1.0,1.0,1.0,1.0,1.0,1.0,0.812,0.466,0.992,0.596,0.902,0.912,0.904,0.93,0.656,0.0,1.0,1.0,0.996,1.0,1.0,1.0,0.94,1.0,1.0,0.996,0.878,0.0,0.886,0.0,0.0,0.84,0.644,0.688,0.0
17,0.996,1.0,1.0,0.978,1.0,1.0,1.0,1.0,0.816,0.986,1.0,1.0,0.994,1.0,0.98,1.0,1.0,1.0,0.998,1.0,1.0,0.912,0.436,0.994,0.804,0.892,0.956,0.968,0.756,0.754,0.0,1.0,1.0,1.0,1.0,1.0,1.0,1.0,0.878,1.0,0.0,0.894,0.0,0.938,0.0,0.978,0.896,1.0,0.754,0.786
18,1.0,1.0,1.0,0.968,1.0,1.0,1.0,1.0,0.826,0.994,1.0,1.0,0.998,1.0,0.99,1.0,1.0,1.0,1.0,1.0,1.0,0.95,0.48,1.0,0.784,0.798,0.954,0.974,0.91,0.722,1.0,0.992,1.0,1.0,1.0,1.0,1.0,1.0,0.868,1.0,0.548,0.816,0.98,0.996,0.0,0.996,0.844,0.776,0.816,0.664
19,1.0,1.0,1.0,0.998,1.0,1.0,1.0,1.0,0.858,0.994,1.0,1.0,0.998,1.0,0.996,1.0,1.0,1.0,1.0,1.0,1.0,0.954,0.646,0.754,0.722,0.78,0.956,0.962,0.892,0.66,1.0,0.974,1.0,1.0,0.894,1.0,1.0,1.0,0.86,1.0,0.638,0.78,0.0,0.996,0.0,0.534,0.0,0.0,0.78,0.0
20,0.998,1.0,1.0,0.996,1.0,1.0,1.0,1.0,0.838,1.0,1.0,1.0,1.0,1.0,1.0,1.0,1.0,1.0,1.0,1.0,1.0,0.95,0.966,0.978,0.86,0.846,0.972,0.942,0.958,0.77,1.0,0.986,1.0,1.0,0.764,1.0,1.0,1.0,0.86,1.0,1.0,0.0,0.0,0.996,0.0,0.0,0.756,0.0,0.492,0.79
21,1.0,1.0,1.0,1.0,1.0,1.0,1.0,1.0,0.962,1.0,1.0,1.0,1.0,1.0,1.0,1.0,1.0,1.0,1.0,1.0,1.0,0.946,0.958,0.976,0.818,0.73,0.96,0.968,0.954,0.682,1.0,0.992,1.0,1.0,0.0,1.0,1.0,0.0,0.86,1.0,0.958,0.0,0.0,0.996,0.0,0.662,1.0,0.0,0.84,0.934
22,1.0,1.0,1.0,1.0,1.0,1.0,1.0,1.0,0.986,0.996,1.0,1.0,1.0,1.0,1.0,1.0,0.998,1.0,0.998,1.0,1.0,0.94,0.934,1.0,0.802,0.538,0.978,0.95,0.962,0.638,0.758,0.98,1.0,1.0,0.0,1.0,1.0,0.964,0.86,1.0,1.0,0.0,1.0,0.996,0.0,0.0,0.724,0.882,0.56,1.0
23,1.0,1.0,1.0,1.0,1.0,1.0,1.0,1.0,0.992,1.0,1.0,1.0,1.0,1.0,1.0,1.0,1.0,1.0,1.0,1.0,1.0,0.92,0.974,1.0,0.86,0.542,0.93,0.972,0.992,0.558,1.0,0.986,1.0,0.692,0.0,1.0,1.0,0.998,0.86,1.0,1.0,0.946,0.0,0.996,0.0,1.0,0.702,1.0,0.682,0.994
24,1.0,1.0,1.0,1.0,1.0,1.0,1.0,0.998,0.992,1.0,1.0,1.0,1.0,1.0,1.0,1.0,0.996,1.0,1.0,1.0,1.0,0.92,0.946,1.0,0.96,0.44,0.972,0.986,0.956,0.562,0.0,0.98,1.0,0.994,0.0,1.0,1.0,0.998,0.86,1.0,1.0,0.962,0.0,0.996,0.0,0.0,0.0,1.0,0.82,1.0
25,1.0,1.0,1.0,1.0,1.0,1.0,1.0,1.0,0.994,1.0,1.0,1.0,1.0,1.0,1.0,1.0,0.958,1.0,1.0,1.0,1.0,0.886,0.848,1.0,0.996,0.0,0.952,0.952,0.972,0.54,0.562,0.972,1.0,0.946,0.0,1.0,1.0,0.994,0.86,0.988,0.802,0.966,1.0,0.996,0.988,0.0,0.0,1.0,0.804,0.956
26,1.0,1.0,1.0,1.0,1.0,1.0,0.994,0.988,0.992,1.0,1.0,1.0,1.0,1.0,1.0,1.0,0.652,1.0,1.0,1.0,1.0,0.918,0.69,0.998,0.998,0.0,0.896,0.914,0.964,0.602,0.842,0.982,1.0,0.0,0.0,1.0,1.0,0.938,0.86,0.856,1.0,0.98,1.0,0.996,1.0,0.0,0.0,1.0,0.798,0.982
27,1.0,1.0,1.0,1.0,1.0,1.0,1.0,0.998,0.99,1.0,1.0,1.0,1.0,1.0,1.0,1.0,0.782,1.0,1.0,1.0,1.0,0.906,0.834,1.0,0.982,0.722,0.76,0.952,0.972,0.626,0.0,0.982,1.0,0.0,0.0,1.0,0.968,0.672,0.86,0.0,0.914,0.992,0.922,0.996,1.0,0.854,0.0,1.0,0.926,0.998
28,1.0,1.0,1.0,1.0,1.0,1.0,0.996,0.996,0.99,1.0,1.0,1.0,1.0,1.0,1.0,1.0,0.666,1.0,0.998,1.0,0.998,0.952,0.506,1.0,0.9,0.724,0.902,0.902,0.966,0.594,0.976,0.966,1.0,0.0,0.0,1.0,1.0,0.0,0.832,0.0,0.73,0.954,0.984,0.996,1.0,0.94,0.0,1.0,0.862,0.974
29,1.0,1.0,1.0,1.0,1.0,1.0,0.998,1.0,0.988,1.0,1.0,1.0,1.0,1.0,1.0,0.994,0.0,1.0,0.998,0.998,0.998,0.958,0.506,1.0,0.98,0.552,0.862,0.894,0.982,0.63,0.956,0.976,1.0,0.0,0.0,1.0,1.0,0.0,0.0,0.598,0.958,1.0,0.988,0.612,1.0,1.0,0.0,1.0,0.95,0.99
30,1.0,1.0,1.0,1.0,1.0,1.0,0.924,1.0,0.99,1.0,1.0,1.0,1.0,1.0,1.0,0.996,0.738,0.998,1.0,0.986,0.998,0.962,0.464,1.0,0.976,0.518,0.896,0.946,0.966,0.59,0.51,0.974,0.998,0.0,0.0,1.0,1.0,0.0,0.0,0.0,0.982,0.0,0.992,0.0,1.0,1.0,0.996,1.0,0.612,0.924
31,1.0,1.0,1.0,1.0,1.0,1.0,0.994,1.0,0.992,1.0,1.0,1.0,1.0,1.0,1.0,0.992,0.716,1.0,0.998,1.0,0.962,0.954,0.468,1.0,0.994,0.756,0.774,0.96,0.938,0.0,0.0,0.976,0.0,0.0,0.0,1.0,1.0,0.0,0.0,0.0,0.886,0.0,0.0,0.0,1.0,1.0,0.77,0.776,0.0,0.51
32,1.0,1.0,1.0,1.0,1.0,1.0,0.974,0.996,0.99,1.0,1.0,1.0,1.0,1.0,1.0,0.984,0.798,1.0,0.996,1.0,0.752,0.948,0.406,1.0,0.994,0.82,0.738,0.982,0.974,0.0,0.566,0.93,0.934,0.0,0.0,1.0,1.0,0.0,0.0,0.0,0.928,0.0,0.0,0.0,0.44,1.0,0.0,0.0,0.758,0.772
33,1.0,1.0,1.0,1.0,1.0,1.0,0.998,1.0,0.988,1.0,1.0,1.0,1.0,1.0,1.0,0.98,0.0,1.0,0.996,0.932,0.992,0.944,0.488,1.0,0.986,0.696,0.694,0.948,0.976,0.546,0.0,0.0,0.946,0.0,0.0,0.0,0.862,0.0,0.0,0.0,0.952,0.0,0.0,0.0,0.0,1.0,0.0,0.0,0.996,0.0
34,1.0,1.0,1.0,1.0,1.0,1.0,1.0,0.982,0.992,1.0,1.0,1.0,1.0,1.0,1.0,0.988,0.79,1.0,1.0,0.974,0.838,0.96,0.706,1.0,0.992,0.698,0.546,0.912,0.982,0.614,0.0,0.0,0.582,0.0,0.0,0.0,0.708,0.0,0.0,0.0,0.814,0.0,0.0,1.0,0.0,1.0,0.944,0.0,1.0,0.0
35,1.0,1.0,1.0,1.0,1.0,0.982,0.996,0.98,0.982,1.0,1.0,1.0,1.0,1.0,1.0,0.988,0.592,0.998,0.992,0.656,0.936,0.952,0.73,1.0,0.996,0.858,0.626,0.85,0.986,0.604,0.0,0.0,0.596,0.0,0.0,0.0,0.708,0.0,0.0,0.0,0.0,0.0,1.0,1.0,0.0,1.0,0.0,0.0,1.0,0.606
36,1.0,1.0,1.0,1.0,0.994,1.0,0.998,0.0,0.982,1.0,1.0,1.0,1.0,1.0,1.0,0.988,0.83,1.0,0.996,0.0,0.956,0.95,0.638,0.994,0.998,0.904,0.718,0.822,0.998,0.628,0.0,0.0,0.0,0.0,0.0,0.928,0.704,0.0,0.668,0.528,0.748,0.0,0.0,1.0,0.0,0.96,0.85,0.0,0.988,0.468
37,1.0,1.0,1.0,1.0,1.0,0.996,0.992,0.922,0.992,1.0,1.0,1.0,1.0,1.0,1.0,0.92,0.0,1.0,0.994,0.89,0.982,0.956,0.786,0.994,0.966,0.888,0.902,0.94,0.996,0.608,0.0,0.0,0.598,0.69,0.69,0.0,0.706,0.0,0.0,0.562,0.916,0.0,0.0,0.996,0.0,0.828,0.0,0.0,0.998,0.0
38,1.0,1.0,1.0,1.0,1.0,0.988,0.884,0.88,0.986,1.0,1.0,1.0,1.0,1.0,1.0,0.9,0.82,1.0,0.994,0.812,1.0,0.96,0.834,0.996,0.996,0.878,0.814,0.962,0.998,0.76,0.0,0.0,0.0,0.538,0.464,0.0,0.68,0.0,0.0,0.0,0.0,0.0,0.0,0.998,0.0,0.0,0.48,0.0,0.0,0.0
39,1.0,1.0,1.0,1.0,1.0,0.91,0.916,0.722,0.978,1.0,1.0,1.0,1.0,1.0,1.0,0.994,0.954,0.996,1.0,0.938,0.998,0.96,0.876,0.998,0.998,0.896,0.82,0.968,0.998,0.852,0.0,0.5,0.0,0.0,0.0,0.0,0.0,0.0,0.0,0.494,0.806,0.656,0.586,0.552,0.0,0.0,0.0,0.0,0.676,0.756
40,1.0,1.0,1.0,1.0,1.0,0.914,0.984,0.75,0.968,1.0,1.0,1.0,1.0,1.0,1.0,0.934,0.766,1.0,0.992,0.86,0.94,0.96,0.858,1.0,1.0,0.892,0.818,0.98,0.998,0.868,0.0,0.0,0.0,0.0,0.0,0.0,0.0,0.0,0.0,0.0,0.0,0.0,0.0,0.722,0.878,0.0,0.0,0.0,0.0,0.982
41,1.0,1.0,1.0,1.0,1.0,0.706,0.97,0.876,0.93,1.0,1.0,1.0,1.0,1.0,1.0,0.784,0.756,1.0,0.938,0.868,0.994,0.962,0.914,1.0,0.998,0.876,0.788,0.992,0.998,0.744,0.0,0.0,0.0,0.0,0.664,0.0,0.0,0.0,0.666,0.506,0.0,0.566,0.0,0.0,0.0,0.0,0.882,0.0,0.0,0.0
42,1.0,1.0,1.0,1.0,0.992,0.796,1.0,0.862,0.884,1.0,1.0,1.0,1.0,1.0,1.0,0.978,0.866,1.0,0.88,0.668,0.95,0.956,0.84,0.998,0.998,0.802,0.718,0.984,1.0,0.882,0.0,0.0,0.0,0.0,0.0,0.0,0.56,0.0,0.0,0.0,0.0,0.0,0.0,0.0,0.508,0.0,0.0,0.0,0.0,0.0
43,1.0,1.0,1.0,1.0,0.992,0.8,0.992,0.936,0.828,1.0,1.0,1.0,1.0,1.0,1.0,0.728,0.0,1.0,0.836,0.9,0.96,0.944,0.874,0.996,1.0,0.886,0.784,0.954,1.0,0.956,0.0,0.0,0.0,0.0,0.0,0.692,0.476,0.0,0.0,0.0,0.0,0.0,0.0,0.0,0.53,0.0,0.85,0.0,0.0,0.0
44,1.0,1.0,1.0,1.0,0.996,0.858,1.0,0.85,0.832,1.0,1.0,1.0,1.0,1.0,1.0,0.0,0.53,0.998,0.832,0.806,0.992,0.886,0.946,1.0,1.0,0.886,0.798,0.846,0.976,0.926,0.554,0.0,0.0,0.0,0.0,0.524,0.0,0.0,0.0,0.0,0.0,0.0,0.0,0.0,0.0,0.0,0.658,0.0,0.0,0.0
45,1.0,1.0,1.0,1.0,0.982,0.768,0.994,0.736,0.796,1.0,1.0,1.0,1.0,1.0,1.0,0.814,0.0,0.994,0.728,0.808,0.966,0.914,0.948,1.0,1.0,0.872,0.92,0.762,0.978,0.962,0.476,0.0,0.0,0.0,0.0,0.0,0.0,0.726,0.0,0.0,0.0,0.0,0.0,0.0,0.752,0.768,0.0,0.888,0.0,0.0
46,1.0,1.0,1.0,1.0,0.95,0.814,0.996,0.61,0.792,1.0,1.0,1.0,1.0,1.0,1.0,0.548,0.804,0.986,0.8,0.782,0.94,0.878,0.956,0.998,0.992,0.876,0.948,0.754,0.986,0.938,0.0,0.0,0.0,0.0,0.0,0.0,0.0,0.0,0.0,0.0,0.712,0.0,0.0,0.0,0.0,0.758,0.0,0.976,0.0,0.0
47,1.0,1.0,1.0,1.0,0.894,0.746,0.962,0.71,0.78,1.0,1.0,1.0,1.0,1.0,0.998,0.6,0.0,0.984,0.658,0.666,0.972,0.91,0.972,1.0,0.994,0.87,0.918,0.696,0.988,0.856,0.0,0.0,0.0,0.0,0.43,0.0,0.0,0.0,0.0,0.0,0.0,0.716,0.51,0.928,0.0,0.714,0.0,0.0,0.594,0.846
48,1.0,1.0,1.0,1.0,0.914,0.774,0.964,0.748,0.718,1.0,1.0,1.0,1.0,1.0,1.0,0.0,0.0,0.97,0.51,0.58,0.978,0.908,0.954,1.0,0.966,0.888,0.892,0.646,0.948,0.802,0.0,0.0,0.0,0.0,0.0,0.0,0.0,0.0,0.0,0.0,0.526,0.366,0.626,0.0,0.0,0.6,0.736,0.0,0.0,0.0
49,1.0,1.0,1.0,1.0,0.974,0.79,0.956,0.74,0.822,1.0,1.0,1.0,1.0,1.0,1.0,0.0,0.488,0.998,0.6,0.602,0.858,0.956,0.922,1.0,0.972,0.852,0.852,0.71,0.96,0.836,0.0,0.0,0.0,0.0,0.0,0.55,0.0,0.0,0.0,0.534,0.644,0.734,0.0,0.0,0.574,0.0,0.56,0.0,0.0,0.0
50,1.0,1.0,1.0,1.0,0.994,0.708,0.974,0.738,0.802,1.0,1.0,1.0,1.0,1.0,1.0,0.0,0.534,0.986,0.542,0.612,0.934,0.898,0.936,1.0,0.956,0.854,0.864,0.618,0.974,0.794,0.0,0.0,0.0,0.0,0.0,0.486,0.0,0.0,0.0,0.0,0.572,0.0,0.608,0.592,0.0,0.398,0.63,0.0,0.658,0.0
51,1.0,1.0,1.0,1.0,0.966,0.78,0.922,0.78,0.82,1.0,1.0,1.0,1.0,1.0,1.0,0.704,0.478,0.994,0.572,0.0,0.942,0.89,0.92,1.0,0.846,0.882,0.738,0.546,0.964,0.794,0.0,0.0,0.0,0.0,0.598,0.0,0.0,0.0,0.0,0.0,0.0,0.0,0.568,0.822,0.76,0.0,0.0,0.0,0.858,0.0
52,1.0,1.0,1.0,1.0,0.98,0.864,0.84,0.742,0.82,1.0,1.0,1.0,1.0,1.0,1.0,0.82,0.0,0.984,0.728,0.0,0.942,0.87,0.866,0.998,0.848,0.858,0.688,0.634,0.934,0.794,0.566,0.0,0.0,0.0,0.0,0.0,0.0,0.0,0.0,0.0,0.6,0.0,0.0,0.812,0.848,0.0,0.0,0.0,0.686,0.88
53,1.0,1.0,1.0,1.0,0.972,0.872,0.838,0.618,0.782,1.0,1.0,1.0,1.0,1.0,1.0,0.774,0.0,0.976,0.682,0.52,0.904,0.91,0.908,1.0,0.97,0.85,0.76,0.828,0.982,0.802,0.0,0.0,0.0,0.0,0.0,0.538,0.0,0.0,0.0,0.0,0.0,0.0,0.0,0.71,0.792,0.0,0.714,0.0,0.0,0.958
54,1.0,1.0,1.0,1.0,0.998,0.936,0.792,0.676,0.762,1.0,1.0,1.0,1.0,1.0,1.0,0.614,0.0,0.958,0.508,0.562,0.79,0.924,0.936,0.982,0.924,0.852,0.798,0.582,0.988,0.784,0.55,0.0,0.0,0.0,0.0,0.0,0.0,0.0,0.0,0.0,0.0,0.0,0.634,0.0,0.438,0.462,0.722,0.594,0.0,0.946
55,1.0,1.0,1.0,1.0,0.986,0.99,0.9,0.636,0.724,1.0,1.0,1.0,1.0,0.998,1.0,0.694,0.528,0.964,0.758,0.622,0.85,0.91,0.966,0.976,0.882,0.874,0.814,0.0,0.986,0.762,0.0,0.0,0.0,0.0,0.714,0.0,0.0,0.0,0.498,0.0,0.576,0.0,0.708,0.0,0.0,0.0,0.646,0.596,0.0,0.898
56,1.0,1.0,1.0,1.0,0.988,0.98,0.918,0.628,0.722,1.0,1.0,1.0,1.0,1.0,0.996,0.692,0.59,0.97,0.612,0.606,0.762,0.928,0.964,0.996,0.922,0.864,0.788,0.788,0.952,0.764,0.0,0.568,0.0,0.0,0.818,0.0,0.0,0.0,0.0,0.0,0.0,0.0,0.772,0.0,0.436,0.494,0.0,0.71,0.0,0.956
57,1.0,1.0,1.0,0.998,0.994,0.758,0.866,0.606,0.678,1.0,1.0,1.0,1.0,1.0,0.998,0.756,0.568,0.856,0.0,0.606,0.532,0.932,0.962,0.954,0.908,0.89,0.652,0.856,0.984,0.802,0.0,0.0,0.0,0.0,0.742,0.0,0.0,0.0,0.0,0.0,0.0,0.45,0.67,0.0,0.0,0.414,0.0,0.822,0.656,0.95
58,1.0,1.0,1.0,1.0,0.98,0.948,0.804,0.504,0.69,0.996,1.0,1.0,1.0,0.998,0.996,0.622,0.65,0.912,0.536,0.0,0.838,0.914,0.97,0.966,0.964,0.896,0.724,0.914,0.956,0.832,0.0,0.0,0.0,0.0,0.524,0.0,0.0,0.0,0.0,0.0,0.0,0.0,0.838,0.712,0.416,0.0,0.0,0.99,0.748,0.954
59,1.0,1.0,1.0,1.0,0.986,0.928,0.842,0.642,0.724,1.0,1.0,1.0,1.0,0.998,0.994,0.75,0.712,0.906,0.588,0.532,0.73,0.926,0.958,0.978,0.964,0.888,0.824,0.926,0.956,0.802,0.0,0.0,0.0,0.0,0.65,0.0,0.0,0.0,0.0,0.0,0.0,0.0,0.726,0.558,0.366,0.66,0.0,0.982,0.794,0.918
60,1.0,1.0,1.0,1.0,0.986,0.986,0.81,0.624,0.644,1.0,1.0,1.0,1.0,0.998,0.988,0.662,0.826,0.9,0.75,0.556,0.76,0.908,0.96,0.976,0.968,0.85,0.816,0.9,0.966,0.84,0.0,0.0,0.0,0.0,0.0,0.652,0.0,0.0,0.0,0.596,0.502,0.0,0.664,0.0,0.422,0.61,0.418,1.0,0.776,0.806
61,0.998,1.0,1.0,1.0,0.986,0.986,0.672,0.664,0.676,0.998,1.0,1.0,1.0,1.0,0.98,0.746,0.708,0.958,0.704,0.0,0.614,0.928,0.966,0.978,0.918,0.812,0.752,0.908,0.974,0.796,0.0,0.0,0.0,0.0,0.0,0.0,0.0,0.0,0.0,0.0,0.376,0.732,0.844,0.0,0.442,0.584,0.752,0.998,0.0,0.572
62,1.0,1.0,1.0,1.0,0.978,0.878,0.82,0.0,0.652,1.0,1.0,1.0,1.0,1.0,0.954,0.876,0.862,0.898,0.676,0.0,0.834,0.918,0.96,0.988,0.862,0.83,0.744,0.908,0.86,0.808,0.0,0.0,0.0,0.0,0.0,0.0,0.0,0.0,0.0,0.0,0.466,0.61,0.842,0.0,0.692,0.0,0.512,1.0,0.704,0.382
63,1.0,1.0,1.0,1.0,0.884,0.982,0.762,0.62,0.664,0.996,1.0,1.0,1.0,0.996,0.974,0.85,0.814,0.902,0.838,0.0,0.634,0.89,0.946,0.986,0.756,0.8,0.75,0.936,0.844,0.81,0.0,0.0,0.0,0.0,0.0,0.0,0.53,0.0,0.0,0.0,0.0,0.7,0.952,0.0,0.768,0.6,0.418,1.0,0.612,0.312
64,0.998,1.0,1.0,1.0,0.84,0.858,0.724,0.704,0.646,0.998,1.0,1.0,1.0,0.996,0.98,0.734,0.826,0.884,0.914,0.634,0.0,0.918,0.948,0.974,0.948,0.86,0.766,0.916,0.948,0.828,0.0,0.0,0.0,0.0,0.0,0.0,0.0,0.0,0.0,0.0,0.0,0.698,0.938,0.0,0.746,0.678,0.72,1.0,0.706,0.352
65,0.998,1.0,1.0,1.0,0.952,0.958,0.692,0.726,0.682,0.992,1.0,0.998,1.0,1.0,0.974,0.648,0.852,0.634,0.85,0.634,0.544,0.916,0.95,0.982,0.89,0.86,0.58,0.932,0.952,0.81,0.562,0.0,0.0,0.0,0.71,0.0,0.0,0.0,0.0,0.0,0.0,0.706,0.842,0.0,0.646,0.7,0.56,0.994,0.856,0.264
66,1.0,1.0,1.0,0.998,0.888,0.834,0.664,0.646,0.65,0.99,1.0,0.998,1.0,0.994,0.966,0.7,0.73,0.0,0.894,0.644,0.0,0.872,0.95,0.954,0.856,0.876,0.0,0.926,0.958,0.794,0.0,0.0,0.0,0.0,0.634,0.0,0.0,0.0,0.0,0.0,0.0,0.714,0.886,0.0,0.702,0.0,0.892,0.998,0.814,0.0
67,0.998,1.0,1.0,1.0,0.822,0.864,0.788,0.74,0.596,0.994,1.0,1.0,1.0,0.988,0.934,0.732,0.776,0.548,0.806,0.624,0.0,0.868,0.966,0.87,0.888,0.864,0.0,0.938,0.944,0.726,0.0,0.0,0.0,0.0,0.0,0.0,0.0,0.0,0.0,0.0,0.658,0.698,0.852,0.0,0.652,0.588,0.84,1.0,0.938,0.648
68,0.998,1.0,1.0,1.0,0.828,0.68,0.766,0.678,0.606,0.988,1.0,1.0,1.0,0.99,0.95,0.748,0.96,0.0,0.946,0.6,0.0,0.878,0.962,0.874,0.988,0.85,0.618,0.948,0.956,0.812,0.0,0.0,0.0,0.0,0.0,0.0,0.0,0.0,0.0,0.0,0.71,0.506,0.788,0.348,0.644,0.766,0.772,0.998,0.978,0.0
69,0.996,1.0,1.0,0.998,0.89,0.812,0.748,0.726,0.538,0.986,0.998,0.996,1.0,0.982,0.932,0.568,0.93,0.67,0.778,0.632,0.55,0.888,0.956,0.868,0.986,0.844,0.636,0.952,0.934,0.778,0.0,0.0,0.0,0.0,0.0,0.0,0.0,0.0,0.0,0.0,0.698,0.762,0.732,0.0,0.772,0.776,0.916,0.996,0.84,0.0
70,0.99,1.0,1.0,0.99,0.948,0.8,0.748,0.66,0.564,0.974,1.0,0.996,1.0,0.98,0.888,0.792,0.912,0.57,0.972,0.588,0.548,0.882,0.962,0.912,0.958,0.87,0.662,0.938,0.946,0.762,0.602,0.0,0.0,0.0,0.0,0.0,0.0,0.0,0.0,0.0,0.508,0.654,0.706,0.0,0.844,0.65,0.966,1.0,0.906,0.0
71,0.99,1.0,1.0,0.998,0.91,0.622,0.712,0.7,0.566,0.982,1.0,0.996,1.0,0.986,0.968,0.718,0.928,0.668,0.984,0.64,0.738,0.9,0.948,0.876,0.962,0.846,0.66,0.942,0.944,0.8,0.52,0.0,0.0,0.0,0.0,0.0,0.0,0.0,0.0,0.0,0.528,0.368,0.63,0.0,0.806,0.582,0.97,1.0,0.96,0.0
72,0.99,1.0,1.0,0.994,0.882,0.702,0.812,0.674,0.664,0.97,0.996,0.994,1.0,0.972,0.956,0.716,0.96,0.0,0.992,0.824,0.616,0.88,0.944,0.864,0.91,0.812,0.626,0.944,0.946,0.78,0.0,0.0,0.0,0.0,0.0,0.0,0.0,0.46,0.0,0.0,0.56,0.0,0.572,0.0,0.66,0.618,0.968,0.998,0.0,0.0
73,0.994,1.0,1.0,0.99,0.848,0.806,0.784,0.648,0.626,0.958,0.994,0.994,1.0,0.98,0.964,0.88,0.974,0.66,0.952,0.596,0.684,0.866,0.89,0.902,0.93,0.824,0.544,0.952,0.93,0.836,0.0,0.0,0.0,0.0,0.462,0.734,0.0,0.0,0.0,0.0,0.508,0.424,0.0,0.656,0.644,0.55,0.976,1.0,0.524,0.0
74,0.978,0.998,1.0,0.984,0.728,0.498,0.78,0.624,0.614,0.958,0.998,0.992,0.998,0.978,0.966,0.804,0.93,0.5,0.952,0.608,0.614,0.882,0.932,0.928,0.864,0.814,0.54,0.934,0.914,0.832,0.0,0.0,0.0,0.0,0.0,0.0,0.0,0.0,0.544,0.0,0.0,0.372,0.528,0.768,0.696,0.388,0.97,1.0,0.64,0.638
75,0.98,1.0,1.0,0.984,0.772,0.76,0.72,0.538,0.63,0.948,0.998,0.992,1.0,0.986,0.958,0.904,0.948,0.82,0.884,0.584,0.682,0.862,0.954,0.964,0.802,0.828,0.646,0.942,0.902,0.822,0.0,0.0,0.0,0.0,0.0,0.0,0.0,0.0,0.0,0.0,0.476,0.0,0.608,0.61,0.814,0.404,0.936,1.0,0.0,0.472
76,0.96,0.998,1.0,0.982,0.674,0.0,0.788,0.618,0.678,0.944,0.996,1.0,0.996,0.974,0.942,0.702,0.722,0.518,0.854,0.588,0.584,0.852,0.924,0.954,0.814,0.834,0.594,0.946,0.918,0.828,0.496,0.0,0.0,0.0,0.62,0.0,0.51,0.0,0.0,0.0,0.0,0.0,0.496,0.838,0.55,0.446,0.948,0.994,0.588,0.39
77,0.954,1.0,1.0,0.982,0.55,0.504,0.714,0.66,0.644,0.922,0.994,0.992,0.996,0.974,0.69,0.746,0.87,0.0,0.872,0.682,0.628,0.852,0.902,0.956,0.74,0.836,0.65,0.938,0.924,0.836,0.0,0.0,0.0,0.0,0.0,0.0,0.506,0.0,0.0,0.0,0.0,0.304,0.538,0.79,0.68,0.612,0.928,0.998,0.0,0.0
78,0.97,0.994,0.998,0.984,0.0,0.0,0.804,0.602,0.652,0.914,0.994,0.98,0.99,0.938,0.614,0.79,0.658,0.514,0.908,0.678,0.616,0.898,0.928,0.932,0.688,0.846,0.558,0.956,0.938,0.836,0.0,0.0,0.512,0.0,0.0,0.512,0.0,0.536,0.0,0.0,0.57,0.364,0.416,0.826,0.696,0.566,0.942,0.998,0.818,0.0
79,0.974,0.998,0.988,0.986,0.0,0.592,0.752,0.602,0.69,0.904,0.988,0.984,0.994,0.952,0.516,0.862,0.746,0.0,0.876,0.652,0.568,0.89,0.908,0.982,0.668,0.85,0.572,0.966,0.926,0.84,0.0,0.0,0.0,0.442,0.0,0.0,0.0,0.0,0.0,0.0,0.0,0.344,0.572,0.622,0.676,0.344,0.894,0.99,0.96,0.472
80,0.934,0.994,0.988,0.992,0.738,0.514,0.69,0.686,0.634,0.898,0.992,0.95,0.998,0.932,0.486,0.916,0.6,0.0,0.934,0.574,0.574,0.892,0.908,0.958,0.672,0.822,0.596,0.96,0.928,0.832,0.0,0.0,0.0,0.0,0.0,0.0,0.0,0.0,0.0,0.0,0.716,0.282,0.0,0.0,0.602,0.262,0.948,0.984,0.804,0.53
81,0.924,0.978,0.994,0.984,0.668,0.554,0.704,0.706,0.684,0.89,0.988,0.95,0.98,0.924,0.544,0.83,0.646,0.608,0.92,0.78,0.564,0.888,0.946,0.976,0.702,0.848,0.57,0.962,0.908,0.846,0.0,0.0,0.0,0.364,0.0,0.0,0.0,0.0,0.0,0.0,0.848,0.24,0.0,0.386,0.466,0.33,0.918,0.974,0.67,0.0
82,0.97,0.982,0.996,0.986,0.666,0.0,0.726,0.622,0.664,0.888,0.99,0.934,0.994,0.87,0.0,0.868,0.0,0.544,0.944,0.774,0.524,0.912,0.948,0.982,0.618,0.846,0.618,0.954,0.914,0.826,0.52,0.462,0.0,0.386,0.0,0.534,0.0,0.398,0.0,0.0,0.664,0.0,0.502,0.162,0.0,0.552,0.8,0.602,0.862,0.0
83,0.96,0.976,0.988,0.978,0.714,0.584,0.702,0.68,0.702,0.83,0.988,0.922,0.992,0.874,0.0,0.842,0.624,0.546,0.842,0.542,0.592,0.892,0.936,0.972,0.604,0.854,0.552,0.95,0.916,0.81,0.558,0.0,0.0,0.0,0.0,0.0,0.0,0.0,0.0,0.0,0.366,0.452,0.54,0.202,0.484,0.386,0.76,0.93,0.484,0.0
84,0.922,0.988,0.962,0.954,0.698,0.602,0.666,0.568,0.724,0.874,0.99,0.948,0.996,0.928,0.0,0.866,0.688,0.722,0.872,0.682,0.624,0.884,0.938,0.984,0.616,0.85,0.582,0.946,0.92,0.818,0.656,0.0,0.0,0.0,0.602,0.0,0.0,0.556,0.0,0.506,0.566,0.168,0.512,0.0,0.502,0.0,0.714,0.994,0.0,0.0
85,0.904,0.962,0.966,0.926,0.61,0.614,0.724,0.63,0.698,0.824,0.996,0.902,0.988,0.888,0.66,0.83,0.556,0.592,0.648,0.766,0.584,0.908,0.956,0.978,0.628,0.85,0.54,0.956,0.926,0.844,0.594,0.0,0.0,0.0,0.0,0.0,0.53,0.466,0.0,0.508,0.546,0.43,0.448,0.0,0.0,0.0,0.79,0.688,0.0,0.0
86,0.91,0.97,0.974,0.934,0.532,0.646,0.68,0.64,0.698,0.796,0.988,0.94,0.976,0.82,0.638,0.832,0.766,0.662,0.726,0.808,0.58,0.89,0.948,0.958,0.0,0.854,0.586,0.938,0.928,0.826,0.53,0.0,0.0,0.0,0.0,0.0,0.0,0.0,0.0,0.0,0.644,0.554,0.0,0.66,0.0,0.484,0.544,0.566,0.0,0.0
87,0.838,0.962,0.968,0.906,0.574,0.644,0.742,0.718,0.716,0.788,0.984,0.922,0.98,0.752,0.62,0.858,0.79,0.638,0.662,0.726,0.602,0.894,0.94,0.934,0.562,0.85,0.564,0.956,0.94,0.838,0.0,0.0,0.0,0.0,0.582,0.0,0.0,0.0,0.0,0.0,0.0,0.406,0.536,0.742,0.242,0.0,0.0,0.0,0.0,0.0
88,0.692,0.966,0.952,0.886,0.63,0.614,0.738,0.572,0.714,0.754,0.974,0.862,0.98,0.748,0.556,0.592,0.568,0.71,0.702,0.7,0.652,0.902,0.95,0.95,0.53,0.85,0.0,0.94,0.928,0.812,0.0,0.0,0.0,0.0,0.604,0.458,0.0,0.0,0.0,0.0,0.0,0.0,0.58,0.0,0.0,0.0,0.578,0.0,0.0,0.0
89,0.74,0.944,0.906,0.848,0.648,0.656,0.756,0.626,0.678,0.784,0.966,0.748,0.974,0.596,0.0,0.634,0.722,0.71,0.758,0.848,0.662,0.884,0.944,0.924,0.0,0.864,0.0,0.94,0.934,0.82,0.0,0.0,0.0,0.59,0.486,0.0,0.0,0.416,0.0,0.0,0.324,0.0,0.61,0.61,0.0,0.0,0.0,0.0,0.0,0.0
90,0.61,0.932,0.916,0.78,0.576,0.596,0.868,0.61,0.702,0.826,0.912,0.594,0.97,0.648,0.586,0.618,0.594,0.608,0.762,0.86,0.616,0.88,0.934,0.926,0.5,0.884,0.522,0.946,0.93,0.806,0.54,0.0,0.0,0.42,0.0,0.0,0.0,0.0,0.0,0.0,0.0,0.0,0.592,0.486,0.0,0.514,0.5,0.518,0.38,0.768
91,0.596,0.886,0.852,0.75,0.618,0.692,0.82,0.658,0.71,0.834,0.864,0.59,0.984,0.662,0.544,0.748,0.656,0.646,0.822,0.794,0.712,0.866,0.946,0.948,0.0,0.876,0.538,0.924,0.948,0.81,0.0,0.0,0.0,0.0,0.0,0.0,0.0,0.0,0.0,0.0,0.604,0.0,0.0,0.412,0.876,0.0,0.626,0.622,0.442,0.722
92,0.568,0.892,0.86,0.792,0.638,0.556,0.818,0.674,0.73,0.802,0.81,0.562,0.95,0.562,0.618,0.864,0.668,0.62,0.752,0.79,0.578,0.876,0.938,0.968,0.0,0.868,0.504,0.944,0.928,0.816,0.0,0.0,0.0,0.0,0.548,0.646,0.0,0.562,0.0,0.0,0.0,0.284,0.54,0.558,0.586,0.0,0.724,0.626,0.436,0.796
93,0.532,0.84,0.766,0.748,0.534,0.504,0.706,0.59,0.728,0.71,0.852,0.458,0.942,0.56,0.438,0.738,0.554,0.546,0.912,0.818,0.69,0.916,0.934,0.954,0.524,0.86,0.504,0.93,0.93,0.81,0.0,0.0,0.0,0.0,0.0,0.554,0.0,0.0,0.0,0.0,0.0,0.0,0.466,0.738,0.0,0.516,0.472,0.0,0.174,0.564
94,0.612,0.836,0.684,0.686,0.676,0.496,0.708,0.628,0.756,0.592,0.788,0.0,0.954,0.0,0.592,0.808,0.824,0.514,0.786,0.758,0.734,0.902,0.928,0.96,0.0,0.858,0.52,0.94,0.914,0.808,0.0,0.0,0.0,0.0,0.0,0.392,0.0,0.618,0.0,0.0,0.518,0.0,0.44,0.644,0.0,0.46,0.0,0.0,0.0,0.0
95,0.572,0.716,0.676,0.628,0.704,0.528,0.654,0.578,0.738,0.0,0.638,0.0,0.938,0.58,0.662,0.786,0.82,0.55,0.674,0.836,0.678,0.908,0.94,0.95,0.52,0.856,0.508,0.934,0.896,0.806,0.54,0.0,0.0,0.0,0.0,0.508,0.0,0.556,0.0,0.0,0.0,0.724,0.0,0.556,0.0,0.574,0.57,0.0,0.402,0.0
96,0.584,0.714,0.682,0.7,0.644,0.626,0.61,0.562,0.726,0.0,0.55,0.0,0.926,0.522,0.62,0.672,0.8,0.528,0.906,0.842,0.804,0.912,0.932,0.964,0.0,0.864,0.48,0.924,0.906,0.824,0.0,0.0,0.0,0.0,0.0,0.324,0.0,0.482,0.0,0.0,0.49,0.664,0.534,0.476,0.0,0.0,0.604,0.802,0.798,0.0
97,0.534,0.744,0.612,0.646,0.616,0.546,0.57,0.578,0.714,0.0,0.482,0.0,0.912,0.0,0.742,0.762,0.964,0.0,0.83,0.684,0.708,0.908,0.94,0.944,0.0,0.856,0.0,0.928,0.902,0.822,0.0,0.0,0.0,0.0,0.0,0.0,0.0,0.0,0.0,0.0,0.546,0.558,0.556,0.65,0.0,0.0,0.636,0.754,0.0,0.0
98,0.526,0.718,0.494,0.59,0.58,0.658,0.708,0.624,0.72,0.0,0.0,0.0,0.97,0.546,0.68,0.782,0.932,0.638,0.632,0.752,0.748,0.91,0.934,0.968,0.504,0.864,0.518,0.938,0.902,0.832,0.0,0.0,0.0,0.0,0.55,0.0,0.0,0.0,0.0,0.0,0.638,0.0,0.606,0.792,0.0,0.0,0.608,0.576,0.494,0.0
99,0.0,0.69,0.49,0.532,0.616,0.6,0.7,0.622,0.704,0.556,0.0,0.0,0.906,0.0,0.672,0.792,0.976,0.484,0.664,0.74,0.798,0.916,0.928,0.986,0.512,0.864,0.496,0.922,0.868,0.83,0.0,0.0,0.0,0.0,0.0,0.482,0.0,0.524,0.0,0.0,0.654,0.604,0.678,0.586,0.0,0.0,0.498,0.76,0.63,0.0
100,0.522,0.61,0.0,0.0,0.526,0.668,0.606,0.59,0.698,0.536,0.0,0.0,0.926,0.514,0.0,0.868,0.94,0.474,0.696,0.788,0.692,0.892,0.936,0.984,0.0,0.856,0.0,0.926,0.842,0.812,0.0,0.0,0.0,0.484,0.514,0.0,0.0,0.0,0.0,0.482,0.716,0.774,0.598,0.0,0.446,0.0,0.406,0.656,0.668,0.602
101,0.496,0.572,0.0,0.534,0.484,0.0,0.706,0.596,0.72,0.524,0.0,0.0,0.88,0.0,0.0,0.686,0.91,0.54,0.788,0.688,0.838,0.88,0.93,0.968,0.0,0.862,0.0,0.932,0.82,0.808,0.0,0.49,0.0,0.0,0.0,0.0,0.0,0.5,0.0,0.0,0.582,0.786,0.682,0.576,0.0,0.0,0.0,0.0,0.596,0.0
102,0.0,0.5,0.0,0.588,0.578,0.638,0.666,0.598,0.704,0.61,0.446,0.0,0.85,0.574,0.538,0.686,0.92,0.57,0.724,0.806,0.832,0.884,0.918,0.97,0.0,0.862,0.0,0.916,0.818,0.81,0.548,0.0,0.0,0.0,0.0,0.494,0.49,0.0,0.0,0.0,0.638,0.742,0.684,0.0,0.0,0.506,0.55,0.0,0.0,0.0
103,0.502,0.0,0.506,0.596,0.0,0.776,0.768,0.55,0.724,0.552,0.0,0.0,0.844,0.544,0.0,0.636,0.892,0.608,0.68,0.78,0.762,0.896,0.932,0.996,0.0,0.848,0.0,0.926,0.786,0.812,0.654,0.524,0.0,0.398,0.0,0.416,0.47,0.538,0.0,0.518,0.44,0.794,0.664,0.0,0.0,0.48,0.528,0.0,0.49,0.0
104,0.0,0.0,0.642,0.536,0.542,0.612,0.626,0.526,0.67,0.542,0.0,0.0,0.77,0.502,0.712,0.642,0.93,0.596,0.772,0.542,0.856,0.902,0.928,0.99,0.51,0.858,0.0,0.91,0.754,0.824,0.0,0.556,0.0,0.0,0.0,0.398,0.0,0.0,0.0,0.0,0.492,0.0,0.632,0.376,0.0,0.53,0.0,0.76,0.462,0.0
105,0.0,0.0,0.596,0.566,0.0,0.0,0.684,0.0,0.67,0.604,0.706,0.614,0.638,0.0,0.0,0.764,0.902,0.71,0.646,0.628,0.74,0.886,0.928,0.986,0.0,0.838,0.516,0.928,0.718,0.83,0.526,0.504,0.0,0.466,0.0,0.0,0.0,0.476,0.0,0.0,0.392,0.0,0.65,0.672,0.0,0.584,0.49,0.0,0.0,0.342
106,0.0,0.0,0.592,0.566,0.504,0.506,0.736,0.0,0.662,0.632,0.0,0.6,0.526,0.0,0.498,0.736,0.952,0.562,0.552,0.0,0.796,0.888,0.934,0.992,0.0,0.84,0.53,0.934,0.722,0.816,0.0,0.484,0.0,0.286,0.0,0.0,0.0,0.0,0.0,0.496,0.354,0.0,0.646,0.494,0.484,0.586,0.554,0.632,0.0,0.316
107,0.532,0.596,0.562,0.612,0.528,0.67,0.694,0.554,0.652,0.0,0.0,0.0,0.558,0.546,0.0,0.732,0.906,0.648,0.668,0.764,0.82,0.82,0.942,0.986,0.526,0.842,0.0,0.918,0.71,0.802,0.0,0.0,0.0,0.352,0.0,0.526,0.0,0.0,0.0,0.0,0.33,0.64,0.704,0.334,0.538,0.524,0.5,0.0,0.0,0.0
108,0.492,0.508,0.588,0.524,0.708,0.696,0.69,0.554,0.658,0.552,0.476,0.0,0.5,0.592,0.0,0.834,0.892,0.592,0.636,0.742,0.832,0.854,0.932,0.986,0.536,0.824,0.52,0.894,0.664,0.822,0.582,0.0,0.0,0.312,0.0,0.504,0.0,0.514,0.0,0.0,0.0,0.548,0.608,0.56,0.21,0.57,0.494,0.0,0.0,0.0
109,0.0,0.542,0.71,0.0,0.622,0.576,0.718,0.564,0.636,0.0,0.0,0.0,0.0,0.488,0.0,0.79,0.794,0.736,0.546,0.632,0.798,0.874,0.932,0.996,0.51,0.824,0.526,0.902,0.622,0.808,0.0,0.0,0.0,0.26,0.494,0.45,0.0,0.51,0.0,0.0,0.0,0.614,0.67,0.578,0.21,0.61,0.554,0.0,0.798,0.0
110,0.0,0.0,0.688,0.56,0.656,0.662,0.8,0.634,0.662,0.0,0.0,0.0,0.508,0.502,0.0,0.846,0.812,0.742,0.644,0.784,0.798,0.842,0.93,0.99,0.536,0.822,0.0,0.898,0.58,0.804,0.502,0.0,0.5,0.256,0.0,0.498,0.0,0.0,0.604,0.0,0.0,0.714,0.686,0.292,0.178,0.0,0.45,0.3,0.838,0.606
111,0.0,0.0,0.616,0.62,0.652,0.624,0.888,0.582,0.672,0.0,0.0,0.53,0.624,0.452,0.498,0.76,0.822,0.764,0.0,0.732,0.884,0.87,0.932,0.996,0.532,0.78,0.54,0.908,0.564,0.806,0.0,0.0,0.0,0.238,0.0,0.452,0.0,0.0,0.538,0.0,0.0,0.246,0.576,0.306,0.22,0.67,0.612,0.0,0.854,0.0
112,0.506,0.526,0.0,0.572,0.606,0.654,0.622,0.564,0.644,0.0,0.0,0.0,0.596,0.44,0.468,0.776,0.788,0.492,0.638,0.758,0.666,0.842,0.928,0.988,0.0,0.794,0.524,0.9,0.55,0.8,0.0,0.0,0.55,0.0,0.0,0.452,0.0,0.0,0.0,0.0,0.0,0.384,0.0,0.0,0.208,0.694,0.62,0.0,0.398,0.0
113,0.49,0.574,0.534,0.0,0.594,0.604,0.584,0.568,0.632,0.496,0.0,0.612,0.0,0.5,0.724,0.792,0.816,0.486,0.6,0.708,0.796,0.8,0.944,0.992,0.516,0.796,0.0,0.898,0.0,0.824,0.0,0.0,0.0,0.0,0.484,0.376,0.0,0.0,0.0,0.0,0.532,0.48,0.558,0.602,0.0,0.698,0.5,0.0,0.0,0.796
114,0.504,0.506,0.53,0.54,0.72,0.75,0.554,0.588,0.612,0.492,0.0,0.754,0.0,0.564,0.396,0.798,0.82,0.534,0.584,0.676,0.614,0.798,0.934,0.992,0.0,0.79,0.0,0.9,0.0,0.812,0.0,0.478,0.0,0.428,0.0,0.348,0.0,0.0,0.0,0.0,0.54,0.444,0.0,0.0,0.524,0.546,0.43,0.764,0.672,0.0
115,0.0,0.0,0.0,0.0,0.716,0.694,0.608,0.598,0.65,0.0,0.0,0.606,0.0,0.612,0.0,0.814,0.882,0.0,0.6,0.718,0.562,0.826,0.94,0.996,0.498,0.798,0.0,0.908,0.0,0.794,0.0,0.418,0.0,0.0,0.582,0.0,0.0,0.602,0.0,0.51,0.0,0.428,0.0,0.0,0.5,0.562,0.44,0.0,0.742,0.482
116,0.504,0.0,0.0,0.0,0.546,0.728,0.618,0.528,0.612,0.0,0.488,0.0,0.0,0.574,0.406,0.754,0.95,0.544,0.534,0.756,0.546,0.796,0.946,0.994,0.0,0.8,0.476,0.902,0.0,0.794,0.0,0.0,0.49,0.486,0.0,0.0,0.0,0.552,0.0,0.0,0.498,0.454,0.0,0.594,0.0,0.59,0.366,0.656,0.626,0.0
117,0.0,0.512,0.0,0.0,0.696,0.694,0.72,0.536,0.622,0.0,0.466,0.0,0.0,0.546,0.44,0.85,0.966,0.696,0.536,0.728,0.768,0.778,0.93,0.996,0.0,0.802,0.0,0.894,0.0,0.808,0.0,0.0,0.0,0.0,0.0,0.0,0.0,0.528,0.552,0.0,0.686,0.458,0.484,0.25,0.0,0.534,0.506,0.376,0.632,0.0
118,0.508,0.0,0.65,0.0,0.68,0.652,0.548,0.526,0.652,0.444,0.506,0.0,0.0,0.0,0.0,0.818,0.924,0.6,0.544,0.572,0.636,0.812,0.932,0.994,0.538,0.796,0.0,0.904,0.0,0.8,0.0,0.0,0.0,0.0,0.534,0.0,0.0,0.46,0.0,0.0,0.642,0.332,0.0,0.83,0.736,0.0,0.406,0.65,0.438,0.586
119,0.0,0.0,0.59,0.0,0.676,0.672,0.506,0.592,0.0,0.526,0.52,0.496,0.0,0.0,0.0,0.88,0.962,0.75,0.654,0.616,0.65,0.76,0.936,0.998,0.526,0.804,0.492,0.912,0.0,0.79,0.0,0.488,0.0,0.0,0.542,0.0,0.0,0.0,0.0,0.0,0.538,0.31,0.604,0.602,0.0,0.6,0.316,0.578,0.572,0.47
120,0.0,0.498,0.0,0.53,0.576,0.66,0.624,0.526,0.546,0.462,0.0,0.344,0.0,0.0,0.502,0.746,0.92,0.668,0.672,0.694,0.734,0.778,0.932,0.994,0.518,0.78,0.526,0.898,0.0,0.802,0.602,0.0,0.448,0.0,0.554,0.0,0.0,0.0,0.524,0.0,0.412,0.422,0.63,0.544,0.0,0.53,0.0,0.498,0.572,0.524
121,0.54,0.0,0.0,0.518,0.546,0.638,0.0,0.62,0.522,0.5,0.0,0.0,0.532,0.464,0.556,0.718,0.946,0.678,0.682,0.67,0.67,0.796,0.942,1.0,0.0,0.81,0.524,0.882,0.0,0.784,0.56,0.498,0.0,0.5,0.546,0.456,0.0,0.0,0.51,0.0,0.368,0.626,0.464,0.32,0.596,0.0,0.0,0.332,0.0,0.444
122,0.0,0.51,0.0,0.0,0.54,0.694,0.0,0.654,0.524,0.0,0.0,0.556,0.508,0.0,0.492,0.73,0.936,0.634,0.704,0.67,0.654,0.76,0.964,0.992,0.518,0.776,0.498,0.87,0.0,0.79,0.0,0.0,0.0,0.358,0.52,0.488,0.0,0.414,0.492,0.0,0.504,0.71,0.414,0.0,0.454,0.486,0.552,0.612,0.0,0.414
123,0.482,0.0,0.476,0.552,0.546,0.702,0.0,0.63,0.0,0.588,0.0,0.0,0.544,0.516,0.0,0.696,0.942,0.612,0.62,0.642,0.756,0.81,0.938,0.996,0.54,0.784,0.0,0.894,0.0,0.796,0.0,0.0,0.0,0.0,0.0,0.0,0.52,0.0,0.0,0.0,0.58,0.572,0.0,0.0,0.432,0.294,0.0,0.624,0.0,0.244
124,0.49,0.514,0.466,0.0,0.582,0.736,0.564,0.576,0.0,0.514,0.422,0.522,0.0,0.486,0.0,0.738,0.992,0.572,0.648,0.622,0.584,0.764,0.95,0.99,0.55,0.786,0.0,0.9,0.0,0.794,0.0,0.0,0.0,0.0,0.554,0.0,0.468,0.526,0.0,0.0,0.356,0.668,0.0,0.0,0.51,0.0,0.0,0.69,0.0,0.0
125,0.478,0.48,0.0,0.0,0.506,0.692,0.544,0.58,0.0,0.0,0.0,0.454,0.47,0.0,0.0,0.772,0.976,0.548,0.764,0.63,0.61,0.78,0.944,0.996,0.506,0.778,0.0,0.89,0.0,0.8,0.59,0.0,0.0,0.0,0.566,0.0,0.0,0.462,0.0,0.0,0.212,0.544,0.388,0.0,0.444,0.0,0.486,0.0,0.888,0.532
126,0.434,0.0,0.588,0.0,0.6,0.704,0.538,0.57,0.512,0.0,0.0,0.0,0.44,0.0,0.474,0.706,0.968,0.55,0.73,0.616,0.57,0.77,0.938,0.992,0.522,0.756,0.0,0.872,0.0,0.788,0.0,0.0,0.0,0.0,0.656,0.0,0.0,0.574,0.0,0.0,0.286,0.0,0.41,0.978,0.322,0.44,0.0,0.0,0.0,0.292
127,0.43,0.0,0.538,0.0,0.572,0.664,0.618,0.638,0.52,0.56,0.0,0.0,0.0,0.424,0.572,0.802,0.89,0.562,0.696,0.582,0.572,0.734,0.944,0.998,0.512,0.766,0.0,0.882,0.0,0.788,0.0,0.0,0.0,0.0,0.556,0.0,0.0,0.614,0.0,0.0,0.374,0.538,0.0,0.764,0.426,0.54,0.0,0.226,0.36,0.152
128,0.44,0.0,0.0,0.0,0.574,0.634,0.724,0.6,0.52,0.46,0.0,0.492,0.0,0.0,0.502,0.744,0.894,0.658,0.68,0.796,0.602,0.73,0.93,0.99,0.52,0.784,0.526,0.868,0.0,0.804,0.0,0.538,0.56,0.588,0.582,0.0,0.0,0.486,0.0,0.562,0.0,0.588,0.418,0.144,0.556,0.52,0.0,0.506,0.0,0.264
129,0.0,0.0,0.0,0.0,0.606,0.662,0.544,0.794,0.0,0.0,0.0,0.41,0.0,0.54,0.494,0.74,0.868,0.686,0.62,0.726,0.65,0.76,0.944,0.996,0.512,0.754,0.0,0.856,0.0,0.79,0.0,0.472,0.0,0.596,0.0,0.0,0.0,0.0,0.506,0.554,0.0,0.62,0.0,0.496,0.318,0.422,0.472,0.688,0.458,0.318
130,0.532,0.478,0.0,0.0,0.546,0.674,0.528,0.686,0.502,0.0,0.0,0.394,0.454,0.546,0.0,0.66,0.862,0.672,0.62,0.716,0.606,0.704,0.932,0.992,0.0,0.738,0.532,0.864,0.0,0.786,0.0,0.484,0.0,0.58,0.0,0.0,0.0,0.0,0.0,0.598,0.514,0.734,0.0,0.164,0.0,0.34,0.54,0.766,0.478,0.308
131,0.532,0.492,0.0,0.0,0.0,0.696,0.506,0.0,0.514,0.0,0.464,0.0,0.424,0.474,0.0,0.64,0.884,0.81,0.624,0.61,0.634,0.69,0.922,0.996,0.0,0.776,0.474,0.872,0.0,0.79,0.0,0.462,0.0,0.0,0.0,0.54,0.0,0.0,0.0,0.662,0.0,0.0,0.0,0.0,0.0,0.258,0.0,0.54,0.0,0.492
132,0.494,0.0,0.542,0.494,0.51,0.726,0.0,0.0,0.5,0.566,0.46,0.452,0.612,0.0,0.0,0.744,0.88,0.656,0.648,0.67,0.722,0.672,0.932,0.99,0.532,0.78,0.514,0.87,0.0,0.786,0.53,0.408,0.0,0.0,0.502,0.484,0.0,0.0,0.0,0.666,0.0,0.0,0.0,0.926,0.596,0.0,0.55,0.644,0.568,0.558
133,0.0,0.48,0.448,0.0,0.0,0.67,0.77,0.66,0.0,0.0,0.0,0.0,0.562,0.0,0.0,0.694,0.874,0.66,0.642,0.646,0.604,0.678,0.928,1.0,0.526,0.798,0.0,0.868,0.0,0.778,0.0,0.378,0.0,0.0,0.0,0.438,0.0,0.49,0.0,0.688,0.568,0.358,0.0,0.924,0.184,0.0,0.628,0.6,0.768,0.0
134,0.0,0.536,0.0,0.0,0.484,0.7,0.766,0.566,0.0,0.496,0.396,0.0,0.554,0.458,0.0,0.574,0.756,0.604,0.72,0.718,0.646,0.632,0.922,0.992,0.0,0.76,0.516,0.886,0.0,0.77,0.544,0.45,0.566,0.0,0.0,0.0,0.0,0.476,0.0,0.638,0.728,0.696,0.418,0.924,0.652,0.61,0.0,0.496,0.754,0.38
135,0.0,0.512,0.0,0.0,0.0,0.634,0.746,0.528,0.0,0.0,0.398,0.0,0.0,0.0,0.0,0.636,0.758,0.75,0.694,0.744,0.734,0.586,0.932,0.998,0.538,0.77,0.524,0.878,0.0,0.776,0.54,0.44,0.51,0.0,0.0,0.0,0.0,0.0,0.0,0.606,0.732,0.564,0.482,0.794,0.45,0.616,0.46,0.41,0.814,0.0
136,0.512,0.506,0.516,0.38,0.512,0.656,0.748,0.532,0.522,0.466,0.0,0.0,0.79,0.0,0.0,0.65,0.804,0.782,0.742,0.7,0.598,0.638,0.926,0.99,0.494,0.78,0.528,0.874,0.0,0.78,0.0,0.0,0.0,0.0,0.0,0.542,0.508,0.466,0.548,0.53,0.73,0.31,0.552,0.414,0.496,0.0,0.0,0.406,0.844,0.0
137,0.466,0.514,0.504,0.0,0.57,0.662,0.668,0.696,0.0,0.0,0.57,0.0,0.0,0.0,0.706,0.7,0.826,0.576,0.766,0.652,0.538,0.662,0.916,0.996,0.54,0.724,0.0,0.884,0.0,0.77,0.0,0.492,0.0,0.0,0.506,0.53,0.0,0.412,0.0,0.554,0.788,0.196,0.492,0.692,0.292,0.0,0.0,0.388,0.82,0.0
138,0.0,0.492,0.434,0.0,0.516,0.65,0.702,0.666,0.496,0.0,0.48,0.468,0.0,0.554,0.0,0.658,0.874,0.658,0.636,0.706,0.588,0.672,0.93,0.996,0.538,0.736,0.518,0.866,0.51,0.77,0.0,0.482,0.0,0.0,0.0,0.614,0.0,0.0,0.518,0.0,0.466,0.54,0.606,0.0,0.294,0.31,0.0,0.0,0.796,0.68
139,0.504,0.432,0.468,0.612,0.544,0.698,0.548,0.69,0.518,0.542,0.0,0.0,0.0,0.0,0.0,0.606,0.886,0.638,0.576,0.71,0.544,0.698,0.928,0.996,0.548,0.764,0.484,0.868,0.0,0.772,0.0,0.496,0.0,0.0,0.532,0.686,0.526,0.586,0.0,0.0,0.0,0.17,0.57,0.914,0.364,0.296,0.476,0.798,0.81,0.666
140,0.614,0.404,0.0,0.0,0.542,0.672,0.59,0.858,0.0,0.404,0.0,0.0,0.0,0.0,0.0,0.628,0.82,0.548,0.0,0.658,0.554,0.65,0.912,0.992,0.544,0.73,0.0,0.874,0.522,0.764,0.5,0.486,0.0,0.0,0.546,0.642,0.0,0.478,0.494,0.0,0.0,0.334,0.602,0.98,0.69,0.0,0.59,0.706,0.662,0.0
141,0.486,0.404,0.0,0.618,0.49,0.692,0.572,0.71,0.504,0.0,0.862,0.0,0.0,0.42,0.0,0.638,0.868,0.66,0.0,0.65,0.578,0.68,0.91,0.998,0.532,0.714,0.554,0.866,0.474,0.778,0.0,0.0,0.0,0.0,0.0,0.602,0.0,0.47,0.0,0.516,0.35,0.27,0.572,0.962,0.278,0.592,0.7,0.682,0.572,0.0
142,0.44,0.0,0.0,0.0,0.528,0.68,0.0,0.884,0.526,0.55,0.616,0.554,0.0,0.41,0.0,0.614,0.87,0.64,0.0,0.644,0.64,0.664,0.914,0.996,0.52,0.76,0.0,0.878,0.0,0.77,0.0,0.0,0.0,0.0,0.0,0.0,0.468,0.0,0.472,0.514,0.142,0.592,0.722,0.9,0.322,0.566,0.542,0.0,0.542,0.642
143,0.422,0.0,0.0,0.0,0.534,0.61,0.552,0.812,0.482,0.0,0.51,0.562,0.0,0.424,0.296,0.62,0.914,0.642,0.562,0.692,0.544,0.65,0.912,0.994,0.52,0.698,0.518,0.854,0.484,0.79,0.0,0.0,0.0,0.0,0.59,0.518,0.0,0.48,0.0,0.0,0.112,0.0,0.79,0.74,0.0,0.664,0.506,0.0,0.516,0.418
144,0.0,0.0,0.0,0.0,0.512,0.646,0.528,0.678,0.488,0.532,0.326,0.524,0.0,0.388,0.364,0.762,0.944,0.66,0.552,0.71,0.594,0.648,0.902,0.992,0.518,0.706,0.0,0.854,0.0,0.782,0.0,0.0,0.0,0.552,0.506,0.51,0.0,0.0,0.0,0.506,0.0,0.766,0.7,0.838,0.454,0.798,0.0,0.0,0.464,0.3
145,0.506,0.0,0.0,0.382,0.478,0.64,0.492,0.71,0.498,0.0,0.0,0.438,0.0,0.496,0.39,0.67,0.83,0.676,0.528,0.746,0.538,0.67,0.906,0.992,0.502,0.73,0.0,0.844,0.0,0.786,0.534,0.524,0.0,0.586,0.578,0.528,0.0,0.45,0.0,0.0,0.644,0.832,0.876,0.688,0.0,0.792,0.372,0.0,0.634,0.404
146,0.494,0.55,0.508,0.348,0.54,0.652,0.52,0.862,0.0,0.708,0.0,0.45,0.442,0.458,0.312,0.64,0.764,0.63,0.518,0.708,0.572,0.676,0.93,0.994,0.0,0.698,0.526,0.866,0.0,0.78,0.0,0.0,0.0,0.728,0.58,0.48,0.0,0.0,0.484,0.538,0.678,0.736,0.804,0.744,0.0,0.78,0.0,0.0,0.0,0.418
147,0.508,0.488,0.502,0.0,0.0,0.64,0.628,0.724,0.0,0.0,0.406,0.45,0.542,0.386,0.246,0.544,0.79,0.652,0.768,0.726,0.566,0.664,0.91,0.998,0.518,0.718,0.528,0.864,0.0,0.764,0.0,0.494,0.496,0.724,0.524,0.0,0.0,0.466,0.0,0.0,0.0,0.302,0.796,0.214,0.47,0.882,0.698,0.0,0.406,0.0
148,0.518,0.0,0.4,0.562,0.0,0.682,0.58,0.732,0.494,0.0,0.0,0.456,0.454,0.352,0.422,0.698,0.824,0.688,0.656,0.672,0.52,0.644,0.902,0.998,0.498,0.706,0.536,0.852,0.512,0.754,0.584,0.0,0.0,0.698,0.0,0.0,0.0,0.0,0.548,0.512,0.492,0.184,0.688,0.82,0.502,0.828,0.682,0.0,0.434,0.0
149,0.524,0.0,0.0,0.52,0.532,0.646,0.606,0.712,0.0,0.422,0.0,0.386,0.492,0.382,0.36,0.774,0.842,0.67,0.53,0.648,0.512,0.598,0.898,0.996,0.492,0.714,0.556,0.862,0.0,0.764,0.53,0.534,0.0,0.7,0.62,0.494,0.0,0.0,0.0,0.0,0.512,0.0,0.582,0.668,0.434,0.828,0.72,0.0,0.646,0.0
150,0.514,0.0,0.0,0.0,0.54,0.678,0.542,0.612,0.498,0.43,0.458,0.432,0.378,0.326,0.302,0.546,0.748,0.696,0.54,0.676,0.472,0.594,0.908,0.988,0.53,0.696,0.53,0.874,0.506,0.76,0.528,0.0,0.0,0.0,0.624,0.0,0.0,0.388,0.0,0.0,0.0,0.0,0.622,0.536,0.0,0.746,0.0,0.532,0.464,0.512
151,0.512,0.532,0.0,0.0,0.544,0.632,0.584,0.692,0.0,0.67,0.472,0.0,0.352,0.314,0.0,0.572,0.782,0.658,0.52,0.626,0.556,0.67,0.896,0.992,0.0,0.684,0.506,0.846,0.0,0.754,0.528,0.0,0.0,0.0,0.0,0.0,0.0,0.0,0.0,0.486,0.0,0.0,0.682,0.0,0.652,0.704,0.0,0.0,0.424,0.508
152,0.542,0.588,0.0,0.0,0.522,0.592,0.556,0.648,0.0,0.77,0.526,0.0,0.0,0.294,0.524,0.0,0.754,0.63,0.0,0.552,0.612,0.632,0.89,0.996,0.472,0.676,0.542,0.848,0.492,0.77,0.492,0.478,0.0,0.56,0.0,0.0,0.0,0.0,0.5,0.0,0.466,0.924,0.504,0.0,0.568,0.658,0.512,0.6,0.458,0.492
153,0.534,0.0,0.408,0.536,0.488,0.618,0.608,0.688,0.502,0.648,0.548,0.488,0.434,0.0,0.0,0.748,0.656,0.624,0.554,0.582,0.548,0.634,0.888,0.996,0.524,0.678,0.518,0.888,0.506,0.76,0.0,0.468,0.0,0.684,0.0,0.652,0.0,0.586,0.0,0.0,0.464,0.98,0.528,0.428,0.0,0.65,0.0,0.528,0.484,0.49
154,0.546,0.0,0.0,0.59,0.566,0.522,0.538,0.598,0.0,0.542,0.502,0.482,0.0,0.0,0.534,0.682,0.58,0.606,0.0,0.626,0.61,0.676,0.88,0.992,0.484,0.662,0.496,0.864,0.0,0.764,0.54,0.474,0.0,0.948,0.0,0.706,0.0,0.0,0.474,0.0,0.494,0.74,0.522,0.0,0.0,0.744,0.514,0.55,0.506,0.582
155,0.496,0.0,0.428,0.0,0.504,0.66,0.0,0.614,0.0,0.366,0.474,0.0,0.522,0.0,0.456,0.554,0.7,0.568,0.0,0.622,0.656,0.68,0.902,0.998,0.492,0.662,0.514,0.872,0.51,0.77,0.57,0.466,0.0,0.932,0.554,0.724,0.0,0.572,0.0,0.464,0.0,0.404,0.0,0.0,0.626,0.0,0.0,0.378,0.458,0.646
156,0.49,0.0,0.0,0.518,0.512,0.59,0.544,0.596,0.508,0.0,0.0,0.0,0.476,0.0,0.0,0.578,0.676,0.64,0.692,0.658,0.616,0.638,0.882,0.998,0.532,0.668,0.5,0.87,0.506,0.75,0.492,0.446,0.0,0.802,0.556,0.644,0.49,0.496,0.498,0.0,0.508,0.0,0.0,0.726,0.714,0.45,0.468,0.0,0.0,0.3
157,0.416,0.0,0.0,0.0,0.51,0.59,0.598,0.724,0.0,0.0,0.0,0.0,0.0,0.0,0.0,0.702,0.69,0.562,0.63,0.604,0.662,0.638,0.902,0.996,0.528,0.646,0.532,0.848,0.0,0.736,0.574,0.416,0.0,0.878,0.0,0.642,0.0,0.552,0.0,0.0,0.0,0.0,0.354,0.934,0.658,0.532,0.0,0.45,0.0,0.0
158,0.374,0.56,0.69,0.528,0.0,0.528,0.544,0.596,0.0,0.0,0.384,0.56,0.0,0.0,0.0,0.8,0.678,0.57,0.612,0.646,0.602,0.644,0.866,1.0,0.0,0.65,0.0,0.862,0.484,0.766,0.0,0.0,0.0,0.852,0.0,0.7,0.0,0.0,0.488,0.476,0.742,0.536,0.568,0.954,0.71,0.0,0.604,0.504,0.0,0.498
159,0.378,0.42,0.534,0.614,0.0,0.498,0.0,0.622,0.506,0.0,0.446,0.0,0.0,0.0,0.72,0.76,0.682,0.62,0.602,0.616,0.584,0.664,0.862,0.988,0.512,0.652,0.0,0.87,0.0,0.74,0.0,0.502,0.642,0.76,0.51,0.612,0.0,0.0,0.41,0.486,0.748,0.0,0.382,0.956,0.944,0.0,0.8,0.0,0.416,0.0
160,0.354,0.0,0.0,0.0,0.53,0.618,0.552,0.61,0.0,0.572,0.284,0.528,0.42,0.452,0.0,0.56,0.648,0.608,0.588,0.654,0.534,0.638,0.86,0.994,0.49,0.64,0.532,0.87,0.0,0.752,0.0,0.51,0.0,0.862,0.0,0.614,0.516,0.0,0.0,0.0,0.712,0.0,0.0,0.926,0.694,0.634,0.0,0.0,0.608,0.306
161,0.37,0.38,0.0,0.0,0.64,0.648,0.604,0.59,0.0,0.0,0.0,0.53,0.474,0.0,0.0,0.492,0.738,0.586,0.58,0.668,0.5,0.654,0.852,1.0,0.506,0.622,0.542,0.868,0.0,0.746,0.0,0.476,0.0,0.53,0.526,0.658,0.0,0.0,0.412,0.0,0.732,0.642,0.0,0.69,0.454,0.782,0.542,0.568,0.412,0.368
162,0.41,0.364,0.0,0.0,0.58,0.0,0.552,0.646,0.484,0.538,0.614,0.478,0.0,0.0,0.54,0.726,0.678,0.562,0.538,0.632,0.528,0.65,0.84,0.994,0.53,0.64,0.502,0.868,0.0,0.756,0.0,0.47,0.0,0.36,0.594,0.678,0.0,0.0,0.464,0.0,0.668,0.0,0.594,0.92,0.458,0.75,0.59,0.0,0.0,0.0
163,0.39,0.3,0.472,0.0,0.606,0.564,0.61,0.6,0.0,0.58,0.0,0.56,0.0,0.0,0.36,0.752,0.696,0.624,0.53,0.686,0.6,0.68,0.844,0.998,0.522,0.616,0.0,0.872,0.524,0.744,0.554,0.0,0.0,0.774,0.542,0.65,0.0,0.512,0.414,0.0,0.664,0.0,0.0,0.0,0.432,0.666,0.382,0.538,0.398,0.0
164,0.354,0.298,0.0,0.508,0.576,0.566,0.572,0.716,0.0,0.62,0.0,0.666,0.48,0.0,0.304,0.734,0.65,0.66,0.56,0.53,0.584,0.614,0.838,0.998,0.0,0.594,0.516,0.86,0.504,0.738,0.528,0.514,0.0,0.904,0.532,0.74,0.0,0.514,0.386,0.566,0.65,0.618,0.0,0.844,0.296,0.672,0.204,0.0,0.0,0.718
165,0.0,0.0,0.508,0.362,0.502,0.606,0.588,0.67,0.504,0.52,0.0,0.498,0.0,0.482,0.0,0.74,0.634,0.59,0.6,0.574,0.658,0.656,0.854,0.992,0.554,0.63,0.496,0.872,0.48,0.738,0.612,0.514,0.0,0.706,0.482,0.788,0.0,0.44,0.388,0.0,0.832,0.196,0.0,0.0,0.32,0.59,0.292,0.326,0.0,0.476
166,0.474,0.476,0.672,0.364,0.634,0.59,0.576,0.686,0.514,0.0,0.724,0.438,0.0,0.288,0.712,0.678,0.606,0.616,0.586,0.632,0.662,0.642,0.844,0.996,0.506,0.616,0.49,0.868,0.0,0.708,0.538,0.0,0.524,0.644,0.656,0.794,0.0,0.0,0.0,0.538,0.798,0.25,0.0,0.828,0.662,0.0,0.204,0.0,0.0,0.626
167,0.0,0.0,0.0,0.306,0.668,0.676,0.0,0.716,0.0,0.0,0.0,0.378,0.0,0.226,0.0,0.708,0.672,0.642,0.592,0.57,0.562,0.602,0.786,0.994,0.0,0.632,0.542,0.86,0.0,0.72,0.566,0.53,0.0,0.69,0.61,0.814,0.496,0.0,0.0,0.0,0.646,0.426,0.486,0.958,0.548,0.0,0.194,0.264,0.0,0.868
168,0.428,0.0,0.0,0.0,0.684,0.61,0.542,0.7,0.5,0.0,0.0,0.394,0.0,0.386,0.0,0.724,0.776,0.542,0.588,0.0,0.558,0.614,0.81,0.994,0.498,0.596,0.0,0.878,0.0,0.716,0.578,0.538,0.0,0.5,0.57,0.832,0.0,0.562,0.506,0.0,0.64,0.576,0.568,0.0,0.282,0.0,0.124,0.148,0.526,0.614
169,0.466,0.408,0.0,0.556,0.556,0.632,0.554,0.586,0.0,0.0,0.0,0.0,0.0,0.514,0.0,0.62,0.7,0.596,0.598,0.588,0.564,0.634,0.734,0.992,0.508,0.578,0.0,0.88,0.0,0.694,0.512,0.0,0.0,0.37,0.0,0.852,0.0,0.544,0.0,0.554,0.536,0.588,0.732,0.0,0.356,0.524,0.0,0.736,0.0,0.888
170,0.438,0.368,0.458,0.568,0.662,0.616,0.594,0.55,0.0,0.452,0.0,0.0,0.0,0.426,0.416,0.692,0.704,0.62,0.53,0.632,0.606,0.588,0.684,0.996,0.512,0.604,0.504,0.864,0.0,0.708,0.534,0.0,0.0,0.896,0.51,0.81,0.0,0.604,0.0,0.552,0.474,0.0,0.558,0.982,0.32,0.596,0.734,0.0,0.66,0.416
171,0.0,0.0,0.524,0.57,0.6,0.624,0.604,0.578,0.0,0.0,0.0,0.0,0.0,0.388,0.4,0.602,0.676,0.66,0.0,0.626,0.528,0.584,0.662,0.996,0.0,0.576,0.532,0.856,0.0,0.686,0.536,0.0,0.0,0.866,0.46,0.55,0.0,0.512,0.51,0.546,0.574,0.232,0.616,0.686,0.32,0.6,0.69,0.708,0.676,0.306
172,0.468,0.526,0.532,0.586,0.546,0.656,0.606,0.548,0.49,0.48,0.0,0.48,0.308,0.342,0.0,0.718,0.672,0.658,0.508,0.708,0.55,0.672,0.654,0.988,0.0,0.574,0.528,0.864,0.0,0.694,0.492,0.0,0.0,0.462,0.48,0.542,0.556,0.498,0.51,0.528,0.352,0.294,0.0,0.44,0.688,0.824,0.0,0.93,0.636,0.0
173,0.394,0.602,0.458,0.482,0.644,0.686,0.608,0.57,0.0,0.0,0.54,0.0,0.234,0.0,0.0,0.686,0.646,0.638,0.0,0.642,0.576,0.64,0.66,0.994,0.0,0.562,0.512,0.858,0.0,0.682,0.502,0.566,0.0,0.0,0.0,0.534,0.0,0.0,0.0,0.562,0.358,0.482,0.396,0.0,0.77,0.756,0.0,0.0,0.52,0.0
174,0.346,0.642,0.0,0.532,0.606,0.632,0.612,0.618,0.504,0.44,0.494,0.0,0.0,0.496,0.0,0.694,0.698,0.742,0.5,0.646,0.54,0.604,0.592,0.996,0.508,0.616,0.52,0.884,0.0,0.684,0.59,0.506,0.574,0.544,0.47,0.0,0.506,0.0,0.0,0.528,0.302,0.522,0.516,0.402,0.95,0.714,0.0,0.642,0.376,0.402
175,0.0,0.618,0.52,0.494,0.568,0.578,0.524,0.564,0.0,0.33,0.356,0.0,0.0,0.0,0.366,0.854,0.622,0.71,0.572,0.606,0.6,0.64,0.582,0.996,0.0,0.56,0.526,0.856,0.518,0.688,0.506,0.472,0.0,0.0,0.474,0.624,0.0,0.0,0.476,0.552,0.32,0.872,0.68,0.928,0.982,0.656,0.0,0.0,0.338,0.318
176,0.522,0.694,0.564,0.558,0.56,0.636,0.526,0.59,0.528,0.0,0.266,0.0,0.0,0.0,0.0,0.766,0.622,0.798,0.636,0.54,0.592,0.636,0.574,0.996,0.504,0.574,0.528,0.86,0.0,0.664,0.662,0.464,0.0,0.65,0.426,0.594,0.0,0.498,0.0,0.55,0.346,0.5,0.674,0.986,0.972,0.642,0.0,0.0,0.34,0.686
177,0.48,0.764,0.0,0.574,0.618,0.588,0.682,0.596,0.524,0.422,0.238,0.432,0.408,0.0,0.716,0.69,0.618,0.754,0.552,0.476,0.668,0.588,0.526,0.994,0.504,0.554,0.524,0.832,0.494,0.65,0.548,0.432,0.0,0.622,0.0,0.57,0.0,0.724,0.478,0.0,0.17,0.558,0.0,0.978,0.988,0.576,0.542,0.51,0.32,0.56
178,0.0,0.704,0.35,0.568,0.63,0.664,0.602,0.594,0.484,0.0,0.248,0.376,0.0,0.384,0.68,0.69,0.658,0.722,0.6,0.0,0.57,0.628,0.508,0.996,0.0,0.538,0.554,0.866,0.478,0.666,0.0,0.0,0.0,0.694,0.0,0.75,0.564,0.686,0.496,0.474,0.0,0.318,0.636,0.948,0.972,0.0,0.584,0.566,0.36,0.0
179,0.474,0.606,0.0,0.47,0.588,0.74,0.0,0.544,0.51,0.0,0.218,0.514,0.45,0.0,0.544,0.564,0.662,0.758,0.0,0.544,0.58,0.612,0.52,0.998,0.522,0.536,0.53,0.862,0.0,0.674,0.53,0.0,0.0,0.79,0.0,0.742,0.534,0.696,0.0,0.548,0.0,0.532,0.472,0.986,0.874,0.0,0.0,0.0,0.338,0.666
180,0.518,0.654,0.456,0.47,0.63,0.688,0.75,0.544,0.0,0.522,0.226,0.392,0.398,0.0,0.62,0.624,0.808,0.76,0.548,0.0,0.618,0.614,0.548,0.99,0.52,0.534,0.496,0.862,0.0,0.67,0.0,0.0,0.0,0.772,0.0,0.662,0.484,0.69,0.498,0.518,0.622,0.718,0.396,0.988,0.83,0.644,0.0,0.0,0.466,0.654
181,0.568,0.626,0.442,0.522,0.53,0.702,0.498,0.63,0.0,0.678,0.316,0.0,0.418,0.0,0.444,0.592,0.796,0.814,0.0,0.0,0.528,0.644,0.546,0.992,0.0,0.0,0.512,0.864,0.0,0.654,0.538,0.0,0.0,0.842,0.562,0.686,0.0,0.652,0.0,0.536,0.558,0.554,0.332,0.99,0.654,0.658,0.588,0.0,0.394,0.356
182,0.578,0.566,0.0,0.398,0.534,0.694,0.526,0.58,0.0,0.528,0.282,0.0,0.55,0.432,0.576,0.62,0.724,0.814,0.558,0.0,0.526,0.646,0.566,0.986,0.528,0.514,0.0,0.842,0.532,0.658,0.0,0.0,0.492,0.722,0.522,0.648,0.0,0.734,0.0,0.438,0.662,0.534,0.152,0.99,0.556,0.632,0.802,0.706,0.412,0.298
183,0.586,0.542,0.0,0.45,0.498,0.646,0.542,0.566,0.0,0.362,0.34,0.0,0.562,0.398,0.406,0.696,0.664,0.818,0.512,0.522,0.55,0.694,0.576,0.994,0.0,0.0,0.538,0.878,0.0,0.642,0.0,0.484,0.53,0.606,0.612,0.63,0.0,0.746,0.0,0.0,0.632,0.928,0.238,0.988,0.528,0.58,0.68,0.0,0.308,0.164
184,0.542,0.498,0.0,0.374,0.556,0.668,0.532,0.614,0.0,0.412,0.454,0.504,0.566,0.486,0.506,0.8,0.652,0.748,0.572,0.0,0.532,0.616,0.574,0.99,0.49,0.504,0.51,0.866,0.518,0.64,0.5,0.0,0.0,0.0,0.0,0.488,0.0,0.64,0.0,0.51,0.664,0.61,0.198,0.89,0.162,0.55,0.0,0.794,0.2,0.18
185,0.604,0.454,0.0,0.0,0.554,0.614,0.562,0.628,0.0,0.364,0.34,0.0,0.482,0.448,0.546,0.73,0.808,0.79,0.594,0.542,0.0,0.638,0.568,0.986,0.486,0.476,0.486,0.864,0.494,0.648,0.548,0.0,0.0,0.498,0.598,0.452,0.0,0.0,0.0,0.0,0.552,0.558,0.212,0.928,0.0,0.59,0.616,0.316,0.0,0.132
186,0.632,0.0,0.0,0.516,0.552,0.59,0.518,0.6,0.516,0.318,0.31,0.59,0.382,0.282,0.45,0.71,0.71,0.732,0.624,0.606,0.57,0.604,0.582,0.99,0.522,0.52,0.526,0.844,0.0,0.602,0.52,0.0,0.0,0.478,0.578,0.446,0.53,0.0,0.0,0.0,0.648,0.964,0.0,0.898,0.616,0.698,0.816,0.256,0.0,0.126
187,0.684,0.482,0.378,0.518,0.53,0.638,0.524,0.498,0.502,0.306,0.0,0.486,0.324,0.352,0.254,0.702,0.78,0.78,0.606,0.652,0.508,0.644,0.564,0.992,0.0,0.502,0.496,0.858,0.49,0.598,0.484,0.0,0.0,0.44,0.674,0.0,0.0,0.0,0.0,0.474,0.392,0.994,0.0,0.986,0.882,0.662,0.498,0.0,0.55,0.0
188,0.572,0.0,0.408,0.568,0.532,0.662,0.0,0.0,0.482,0.0,0.518,0.0,0.0,0.22,0.0,0.6,0.762,0.756,0.692,0.62,0.63,0.642,0.58,0.984,0.526,0.0,0.0,0.856,0.0,0.606,0.0,0.534,0.0,0.0,0.606,0.722,0.0,0.526,0.0,0.0,0.414,0.904,0.984,0.974,0.93,0.73,0.412,0.838,0.588,0.526
189,0.636,0.0,0.368,0.678,0.572,0.67,0.542,0.572,0.0,0.0,0.0,0.0,0.578,0.29,0.468,0.512,0.738,0.64,0.556,0.624,0.0,0.59,0.572,0.99,0.0,0.524,0.508,0.856,0.508,0.624,0.0,0.0,0.0,0.0,0.648,0.648,0.0,0.0,0.0,0.0,0.0,0.968,0.682,0.652,0.878,0.572,0.528,0.976,0.52,0.638
190,0.562,0.0,0.422,0.544,0.526,0.668,0.528,0.576,0.0,0.56,0.0,0.63,0.0,0.0,0.542,0.562,0.72,0.808,0.62,0.518,0.566,0.616,0.566,0.988,0.498,0.506,0.0,0.842,0.496,0.618,0.0,0.524,0.0,0.446,0.514,0.678,0.508,0.472,0.0,0.48,0.0,0.858,0.684,0.932,0.0,0.0,0.492,0.46,0.55,0.85
191,0.552,0.0,0.484,0.5,0.572,0.608,0.0,0.0,0.0,0.58,0.402,0.598,0.418,0.0,0.0,0.566,0.694,0.788,0.586,0.584,0.0,0.604,0.506,0.99,0.508,0.0,0.504,0.856,0.456,0.62,0.0,0.5,0.0,0.0,0.524,0.658,0.46,0.0,0.536,0.566,0.0,0.864,0.0,0.446,0.92,0.0,0.406,0.484,0.616,0.494
192,0.552,0.274,0.386,0.502,0.602,0.642,0.0,0.586,0.0,0.616,0.422,0.416,0.0,0.0,0.0,0.514,0.69,0.786,0.56,0.584,0.568,0.582,0.456,0.988,0.494,0.492,0.516,0.848,0.464,0.582,0.0,0.0,0.0,0.0,0.0,0.566,0.0,0.442,0.0,0.51,0.594,0.854,0.67,0.522,0.848,0.0,0.0,0.142,0.674,0.652
193,0.0,0.28,0.344,0.508,0.514,0.688,0.0,0.606,0.522,0.53,0.316,0.0,0.426,0.432,0.652,0.64,0.604,0.78,0.562,0.538,0.584,0.608,0.494,0.99,0.494,0.492,0.508,0.848,0.442,0.554,0.554,0.546,0.0,0.558,0.0,0.576,0.578,0.0,0.0,0.506,0.578,0.852,0.696,0.774,0.74,0.492,0.442,0.0,0.828,0.72
194,0.43,0.0,0.364,0.416,0.586,0.648,0.0,0.59,0.506,0.49,0.0,0.0,0.0,0.0,0.68,0.73,0.67,0.81,0.584,0.6,0.59,0.63,0.466,0.986,0.492,0.514,0.492,0.858,0.43,0.558,0.506,0.0,0.516,0.638,0.554,0.518,0.0,0.596,0.0,0.55,0.544,0.886,0.0,0.824,0.598,0.64,0.0,0.0,0.772,0.462
195,0.0,0.504,0.332,0.418,0.56,0.644,0.0,0.55,0.494,0.5,0.0,0.6,0.652,0.54,0.472,0.748,0.65,0.804,0.616,0.738,0.562,0.568,0.484,0.992,0.51,0.492,0.512,0.854,0.43,0.592,0.454,0.0,0.538,0.788,0.572,0.556,0.54,0.48,0.506,0.0,0.536,0.954,0.984,0.0,0.53,0.646,0.0,0.362,0.618,0.738
196,0.0,0.488,0.358,0.0,0.568,0.618,0.522,0.56,0.494,0.0,0.386,0.528,0.488,0.624,0.432,0.794,0.754,0.69,0.616,0.848,0.602,0.624,0.51,0.984,0.0,0.51,0.548,0.838,0.0,0.594,0.0,0.514,0.482,0.57,0.0,0.538,0.568,0.414,0.5,0.0,0.506,0.914,0.99,0.946,0.686,0.588,0.0,0.51,0.0,0.422
197,0.0,0.0,0.364,0.624,0.544,0.638,0.536,0.64,0.0,0.668,0.372,0.366,0.476,0.568,0.468,0.67,0.824,0.688,0.576,0.76,0.558,0.59,0.482,0.992,0.524,0.0,0.0,0.838,0.522,0.6,0.504,0.0,0.0,0.798,0.636,0.0,0.582,0.578,0.572,0.0,0.494,0.858,0.984,0.976,0.594,0.0,0.0,0.594,0.0,0.204
198,0.51,0.0,0.398,0.592,0.49,0.682,0.538,0.588,0.0,0.558,0.51,0.0,0.406,0.582,0.294,0.74,0.754,0.648,0.62,0.618,0.506,0.594,0.452,0.982,0.516,0.484,0.504,0.824,0.488,0.58,0.508,0.498,0.494,0.708,0.636,0.534,0.55,0.508,0.0,0.528,0.64,0.63,0.498,0.386,0.608,0.48,0.744,0.526,0.0,0.25
199,0.544,0.0,0.0,0.508,0.562,0.654,0.71,0.678,0.536,0.494,0.562,0.0,0.494,0.656,0.326,0.552,0.684,0.704,0.514,0.62,0.534,0.612,0.466,0.992,0.0,0.0,0.526,0.838,0.508,0.576,0.522,0.5,0.0,0.62,0.0,0.522,0.578,0.0,0.538,0.0,0.606,0.3,0.73,0.786,0.638,0.0,0.862,0.666,0.756,0.366
200,0.528,0.0,0.0,0.432,0.568,0.652,0.562,0.642,0.532,0.384,0.542,0.472,0.0,0.0,0.266,0.668,0.694,0.576,0.568,0.594,0.506,0.588,0.398,0.986,0.496,0.0,0.0,0.842,0.472,0.59,0.52,0.494,0.0,0.0,0.478,0.56,0.0,0.0,0.452,0.53,0.546,0.536,0.454,0.0,0.458,0.734,0.708,0.0,0.634,0.504
201,0.518,0.49,0.486,0.0,0.58,0.636,0.69,0.674,0.0,0.446,0.528,0.0,0.0,0.0,0.372,0.672,0.706,0.538,0.63,0.706,0.554,0.664,0.426,0.98,0.538,0.534,0.0,0.852,0.478,0.59,0.546,0.0,0.732,0.62,0.518,0.518,0.0,0.55,0.0,0.526,0.554,0.384,0.0,0.582,0.354,0.694,0.616,0.818,0.516,0.758
202,0.0,0.0,0.0,0.0,0.54,0.624,0.726,0.622,0.528,0.568,0.42,0.558,0.0,0.34,0.444,0.594,0.716,0.672,0.562,0.692,0.0,0.592,0.404,0.992,0.506,0.526,0.526,0.838,0.52,0.56,0.52,0.0,0.75,0.0,0.512,0.0,0.0,0.0,0.68,0.552,0.54,0.626,0.828,0.988,0.392,0.562,0.756,0.396,0.638,0.66
203,0.0,0.59,0.408,0.0,0.576,0.598,0.55,0.658,0.0,0.544,0.504,0.506,0.434,0.364,0.422,0.554,0.738,0.606,0.664,0.658,0.0,0.638,0.0,0.988,0.5,0.528,0.488,0.85,0.47,0.562,0.578,0.0,0.0,0.674,0.458,0.0,0.0,0.48,0.488,0.536,0.576,0.0,0.876,0.708,0.476,0.0,0.802,0.0,0.744,0.47
204,0.516,0.712,0.368,0.432,0.638,0.638,0.0,0.604,0.524,0.536,0.482,0.0,0.0,0.568,0.324,0.512,0.73,0.626,0.708,0.708,0.62,0.624,0.5,0.986,0.518,0.0,0.532,0.838,0.478,0.602,0.0,0.0,0.0,0.568,0.0,0.0,0.57,0.41,0.488,0.0,0.69,0.636,0.306,0.092,0.504,0.478,0.678,0.0,0.856,0.34
205,0.34,0.784,0.348,0.466,0.536,0.604,0.502,0.606,0.534,0.406,0.51,0.0,0.594,0.482,0.3,0.512,0.754,0.678,0.732,0.62,0.642,0.63,0.508,0.992,0.512,0.516,0.0,0.864,0.492,0.576,0.498,0.0,0.0,0.584,0.454,0.0,0.61,0.0,0.422,0.566,0.66,0.626,0.0,0.202,0.41,0.54,0.542,0.0,0.812,0.148
206,0.324,0.786,0.31,0.0,0.582,0.558,0.0,0.69,0.496,0.352,0.544,0.442,0.372,0.482,0.0,0.0,0.662,0.668,0.674,0.682,0.606,0.642,0.0,0.994,0.5,0.0,0.0,0.838,0.46,0.558,0.0,0.0,0.87,0.998,0.0,0.534,0.0,0.526,0.0,0.0,0.614,0.714,0.69,0.156,0.578,0.614,0.6,0.634,0.804,0.08
207,0.318,0.654,0.246,0.586,0.668,0.548,0.492,0.61,0.526,0.332,0.586,0.35,0.33,0.484,0.466,0.576,0.702,0.658,0.688,0.664,0.584,0.638,0.0,0.988,0.53,0.548,0.52,0.838,0.474,0.586,0.0,0.0,0.852,0.998,0.0,0.454,0.562,0.5,0.0,0.56,0.416,0.0,0.628,0.352,0.816,0.0,0.674,0.104,0.676,0.104
208,0.284,0.606,0.0,0.0,0.69,0.538,0.522,0.648,0.56,0.334,0.476,0.494,0.358,0.396,0.494,0.52,0.788,0.718,0.642,0.514,0.508,0.57,0.524,0.988,0.49,0.516,0.506,0.848,0.472,0.6,0.0,0.0,0.838,0.998,0.538,0.5,0.446,0.658,0.452,0.5,0.478,0.918,0.68,0.152,0.76,0.628,0.464,0.0,0.806,0.146
209,0.232,0.646,0.0,0.0,0.668,0.586,0.516,0.654,0.524,0.354,0.334,0.35,0.0,0.334,0.416,0.6,0.728,0.74,0.754,0.0,0.522,0.628,0.494,0.99,0.0,0.528,0.522,0.838,0.49,0.608,0.526,0.556,0.718,0.998,0.506,0.396,0.0,0.552,0.0,0.532,0.336,0.958,0.496,0.284,0.732,0.712,0.554,0.916,0.606,0.16
210,0.282,0.644,0.0,0.0,0.696,0.554,0.552,0.674,0.0,0.386,0.384,0.326,0.0,0.294,0.0,0.706,0.77,0.792,0.742,0.536,0.54,0.61,0.514,0.984,0.0,0.526,0.53,0.838,0.418,0.58,0.0,0.0,0.0,0.998,0.0,0.392,0.0,0.0,0.0,0.544,0.366,0.916,0.466,0.484,0.75,0.786,0.508,0.0,0.572,0.084
211,0.312,0.638,0.0,0.0,0.696,0.59,0.518,0.598,0.498,0.38,0.0,0.264,0.498,0.386,0.0,0.568,0.72,0.834,0.76,0.0,0.0,0.626,0.0,0.996,0.0,0.486,0.0,0.838,0.426,0.56,0.0,0.0,0.516,0.998,0.0,0.0,0.398,0.464,0.0,0.508,0.398,0.846,0.914,0.27,0.498,0.618,0.456,0.988,0.61,0.08
212,0.282,0.548,0.63,0.546,0.672,0.0,0.562,0.586,0.0,0.37,0.518,0.0,0.514,0.0,0.522,0.594,0.66,0.786,0.736,0.58,0.0,0.614,0.0,0.988,0.0,0.51,0.51,0.84,0.444,0.562,0.514,0.0,0.0,0.998,0.528,0.0,0.0,0.0,0.0,0.47,0.414,0.944,0.992,0.0,0.336,0.526,0.356,0.986,0.442,0.06
213,0.33,0.496,0.578,0.484,0.64,0.54,0.57,0.652,0.54,0.352,0.52,0.558,0.0,0.46,0.0,0.794,0.652,0.814,0.782,0.58,0.0,0.65,0.538,0.986,0.502,0.514,0.532,0.844,0.454,0.534,0.0,0.0,0.0,0.998,0.498,0.0,0.0,0.474,0.52,0.514,0.4,0.918,0.998,0.758,0.602,0.54,0.512,0.952,0.382,0.0
214,0.268,0.504,0.0,0.488,0.658,0.53,0.538,0.658,0.546,0.34,0.472,0.0,0.52,0.43,0.0,0.792,0.734,0.802,0.792,0.622,0.568,0.612,0.0,0.992,0.0,0.498,0.0,0.83,0.452,0.54,0.508,0.0,0.0,0.998,0.498,0.484,0.54,0.54,0.0,0.486,0.512,0.886,0.996,0.0,0.62,0.578,0.292,0.886,0.434,0.466
215,0.274,0.448,0.0,0.532,0.696,0.522,0.52,0.562,0.0,0.376,0.412,0.0,0.0,0.504,0.0,0.75,0.636,0.7,0.81,0.594,0.0,0.61,0.0,0.988,0.554,0.506,0.516,0.814,0.424,0.572,0.0,0.0,0.568,0.998,0.422,0.526,0.578,0.534,0.0,0.0,0.534,0.836,0.452,0.0,0.724,0.616,0.0,0.988,0.364,0.844
216,0.394,0.424,0.0,0.582,0.69,0.508,0.57,0.674,0.494,0.464,0.0,0.59,0.572,0.588,0.0,0.69,0.608,0.662,0.79,0.612,0.51,0.614,0.488,0.994,0.508,0.0,0.0,0.85,0.464,0.574,0.0,0.488,0.558,0.998,0.462,0.542,0.548,0.432,0.0,0.482,0.324,0.934,0.86,0.542,0.606,0.624,0.0,0.972,0.638,0.984
217,0.458,0.398,0.0,0.622,0.562,0.548,0.542,0.592,0.56,0.49,0.482,0.532,0.516,0.534,0.0,0.556,0.712,0.616,0.742,0.636,0.724,0.632,0.0,0.982,0.51,0.534,0.522,0.84,0.394,0.568,0.0,0.0,0.0,0.998,0.434,0.478,0.57,0.504,0.586,0.0,0.248,0.938,0.71,0.0,0.228,0.48,0.534,0.974,0.558,0.968
218,0.5,0.42,0.0,0.694,0.562,0.546,0.59,0.62,0.546,0.51,0.492,0.478,0.536,0.562,0.652,0.57,0.722,0.742,0.642,0.768,0.574,0.622,0.0,0.986,0.528,0.566,0.536,0.84,0.442,0.536,0.0,0.47,0.0,0.996,0.0,0.47,0.0,0.486,0.55,0.0,0.224,0.966,0.796,0.6,0.0,0.68,0.638,0.966,0.574,0.39
219,0.534,0.484,0.0,0.524,0.576,0.548,0.612,0.67,0.516,0.546,0.0,0.418,0.0,0.41,0.75,0.656,0.678,0.658,0.694,0.708,0.624,0.622,0.0,0.99,0.532,0.57,0.508,0.83,0.422,0.548,0.0,0.484,0.0,0.998,0.0,0.444,0.626,0.352,0.534,0.496,0.0,0.966,0.942,0.66,0.478,0.66,0.92,0.774,0.0,0.296
220,0.58,0.524,0.44,0.49,0.616,0.582,0.548,0.692,0.492,0.68,0.0,0.0,0.492,0.0,0.0,0.666,0.688,0.694,0.674,0.694,0.578,0.61,0.0,0.99,0.526,0.514,0.498,0.82,0.432,0.546,0.526,0.436,0.0,0.998,0.526,0.0,0.664,0.0,0.568,0.0,0.0,0.942,0.946,0.968,0.59,0.472,0.946,0.36,0.0,0.354
221,0.592,0.564,0.53,0.394,0.616,0.516,0.574,0.698,0.53,0.614,0.0,0.0,0.558,0.504,0.0,0.738,0.678,0.748,0.644,0.644,0.61,0.618,0.53,0.99,0.508,0.51,0.0,0.828,0.4,0.55,0.584,0.0,0.668,0.996,0.532,0.0,0.492,0.468,0.584,0.528,0.544,0.0,0.948,0.896,0.648,0.0,0.936,0.298,0.0,0.212
222,0.604,0.666,0.522,0.416,0.536,0.498,0.558,0.642,0.496,0.44,0.0,0.0,0.572,0.0,0.0,0.712,0.718,0.728,0.586,0.588,0.568,0.606,0.0,0.986,0.5,0.53,0.0,0.81,0.39,0.504,0.542,0.0,0.78,0.996,0.67,0.0,0.0,0.0,0.592,0.494,0.834,0.87,0.812,0.688,0.0,0.434,0.96,0.562,0.0,0.134
223,0.448,0.0,0.326,0.0,0.57,0.504,0.628,0.614,0.514,0.468,0.0,0.33,0.638,0.518,0.0,0.726,0.772,0.726,0.636,0.61,0.556,0.634,0.0,0.982,0.502,0.518,0.0,0.804,0.384,0.506,0.0,0.478,0.746,0.996,0.684,0.0,0.578,0.51,0.614,0.52,0.874,0.994,0.0,0.492,0.0,0.0,0.938,0.67,0.448,0.14
224,0.356,0.38,0.0,0.0,0.63,0.546,0.648,0.63,0.516,0.37,0.46,0.0,0.574,0.498,0.0,0.622,0.69,0.732,0.53,0.604,0.0,0.614,0.504,0.994,0.0,0.508,0.0,0.824,0.396,0.542,0.0,0.0,0.71,0.996,0.566,0.492,0.0,0.0,0.514,0.558,0.892,0.944,0.766,0.0,0.582,0.0,0.772,0.0,0.0,0.08
225,0.442,0.386,0.486,0.0,0.632,0.538,0.666,0.588,0.536,0.312,0.0,0.0,0.552,0.466,0.0,0.738,0.7,0.708,0.624,0.534,0.566,0.634,0.54,0.994,0.52,0.508,0.502,0.828,0.448,0.472,0.0,0.0,0.752,0.996,0.646,0.508,0.604,0.0,0.0,0.5,0.844,0.79,0.8,0.602,0.684,0.5,0.858,0.986,0.506,0.046
226,0.482,0.374,0.358,0.572,0.568,0.588,0.708,0.6,0.0,0.32,0.454,0.444,0.0,0.0,0.0,0.74,0.648,0.766,0.718,0.688,0.0,0.608,0.536,0.99,0.5,0.522,0.506,0.83,0.392,0.0,0.0,0.492,0.714,1.0,0.652,0.526,0.0,0.56,0.0,0.558,0.806,0.492,0.972,0.538,0.5,0.516,0.698,0.988,0.538,0.0
227,0.524,0.322,0.372,0.682,0.614,0.576,0.74,0.614,0.0,0.0,0.432,0.458,0.0,0.576,0.818,0.606,0.62,0.714,0.576,0.726,0.552,0.598,0.518,0.978,0.514,0.518,0.0,0.822,0.422,0.0,0.0,0.0,0.572,1.0,0.566,0.482,0.47,0.562,0.88,0.53,0.682,0.232,0.966,0.586,0.822,0.678,0.522,0.982,0.516,0.786
228,0.326,0.352,0.0,0.716,0.696,0.614,0.708,0.59,0.0,0.554,0.588,0.0,0.654,0.516,0.57,0.564,0.738,0.758,0.616,0.704,0.556,0.616,0.518,0.978,0.0,0.526,0.506,0.836,0.416,0.0,0.0,0.0,0.48,0.998,0.546,0.554,0.0,0.614,0.828,0.506,0.602,0.0,0.934,0.696,0.872,0.568,0.822,0.984,0.61,0.0
229,0.316,0.33,0.558,0.63,0.654,0.608,0.66,0.622,0.0,0.56,0.688,0.458,0.71,0.478,0.48,0.572,0.89,0.706,0.762,0.644,0.56,0.62,0.0,0.978,0.508,0.0,0.534,0.836,0.42,0.0,0.0,0.522,0.0,0.998,0.0,0.504,0.576,0.722,0.834,0.0,0.638,0.788,0.928,0.766,0.928,0.582,0.738,0.986,0.594,0.616
230,0.0,0.312,0.0,0.0,0.698,0.646,0.642,0.628,0.0,0.0,0.5,0.402,0.788,0.0,0.0,0.69,0.748,0.614,0.0,0.57,0.532,0.63,0.0,0.978,0.516,0.484,0.0,0.834,0.398,0.0,0.0,0.548,0.632,1.0,0.0,0.594,0.0,0.722,0.7,0.472,0.552,0.866,0.738,0.91,0.922,0.826,0.798,0.98,0.0,0.298
231,0.478,0.362,0.568,0.0,0.54,0.63,0.584,0.694,0.51,0.494,0.388,0.57,0.828,0.0,0.0,0.676,0.838,0.62,0.658,0.564,0.54,0.652,0.0,0.98,0.0,0.548,0.0,0.81,0.436,0.526,0.0,0.56,0.632,0.998,0.508,0.552,0.0,0.63,0.74,0.0,0.482,0.788,0.826,0.888,0.886,0.838,0.698,0.92,0.578,0.0
232,0.0,0.37,0.0,0.0,0.544,0.55,0.598,0.674,0.0,0.402,0.348,0.534,0.0,0.4,0.0,0.724,0.708,0.624,0.722,0.0,0.592,0.606,0.0,0.988,0.0,0.496,0.0,0.828,0.392,0.53,0.0,0.478,0.0,0.998,0.0,0.474,0.57,0.504,0.696,0.536,0.414,0.718,0.746,0.994,0.602,0.814,0.652,0.834,0.566,0.624
233,0.446,0.384,0.486,0.0,0.598,0.604,0.634,0.636,0.0,0.0,0.0,0.0,0.696,0.422,0.0,0.728,0.82,0.802,0.794,0.566,0.662,0.614,0.538,0.982,0.496,0.55,0.506,0.836,0.4,0.0,0.0,0.0,0.0,0.998,0.546,0.344,0.588,0.466,0.684,0.536,0.0,0.66,0.98,0.962,0.596,0.924,0.808,0.746,0.58,0.434
234,0.476,0.32,0.0,0.476,0.65,0.56,0.596,0.628,0.5,0.0,0.616,0.516,0.684,0.474,0.0,0.668,0.794,0.732,0.758,0.59,0.572,0.652,0.488,0.986,0.0,0.518,0.534,0.822,0.388,0.0,0.0,0.532,0.0,0.998,0.508,0.0,0.644,0.454,0.566,0.546,0.52,0.688,0.856,0.936,0.836,0.908,0.684,0.98,0.5,0.57
235,0.412,0.362,0.566,0.0,0.592,0.6,0.542,0.656,0.506,0.0,0.0,0.496,0.0,0.0,0.0,0.676,0.798,0.698,0.714,0.546,0.59,0.626,0.472,0.994,0.498,0.546,0.504,0.814,0.406,0.536,0.0,0.54,0.418,1.0,0.568,0.548,0.664,0.458,0.0,0.0,0.466,0.956,0.656,0.922,0.874,0.886,0.488,0.598,0.578,0.268
236,0.0,0.44,0.378,0.0,0.59,0.518,0.54,0.666,0.528,0.0,0.386,0.0,0.0,0.0,0.386,0.604,0.802,0.67,0.588,0.598,0.718,0.65,0.486,0.98,0.518,0.0,0.532,0.832,0.396,0.514,0.0,0.638,0.0,0.998,0.53,0.588,0.0,0.406,0.0,0.0,0.0,0.984,0.0,0.878,0.898,0.946,0.67,0.0,0.714,0.312
237,0.616,0.494,0.428,0.0,0.602,0.544,0.0,0.658,0.0,0.522,0.444,0.0,0.0,0.0,0.0,0.676,0.838,0.558,0.69,0.53,0.696,0.618,0.496,0.968,0.522,0.48,0.5,0.828,0.398,0.506,0.0,0.65,0.506,0.998,0.0,0.56,0.564,0.44,0.56,0.52,0.398,0.962,0.796,0.938,0.888,0.754,0.0,0.0,0.672,0.33
238,0.468,0.406,0.396,0.0,0.53,0.634,0.54,0.62,0.516,0.454,0.426,0.516,0.412,0.0,0.0,0.594,0.87,0.654,0.714,0.57,0.734,0.614,0.0,0.982,0.526,0.496,0.0,0.828,0.442,0.502,0.606,0.596,0.0,0.998,0.0,0.716,0.0,0.47,0.716,0.0,0.422,0.974,0.868,0.782,0.866,0.42,0.724,0.062,0.538,0.216
239,0.614,0.43,0.48,0.0,0.58,0.604,0.526,0.564,0.53,0.51,0.5,0.0,0.324,0.0,0.0,0.65,0.944,0.544,0.644,0.604,0.662,0.604,0.504,0.984,0.504,0.5,0.0,0.822,0.434,0.0,0.642,0.634,0.0,1.0,0.0,0.692,0.0,0.484,0.586,0.0,0.276,0.852,0.796,0.902,0.79,0.686,0.83,0.198,0.56,0.128
240,0.55,0.354,0.392,0.41,0.576,0.662,0.0,0.568,0.53,0.386,0.502,0.0,0.0,0.0,0.0,0.688,0.938,0.658,0.732,0.556,0.654,0.594,0.516,0.978,0.0,0.518,0.0,0.822,0.408,0.524,0.564,0.654,0.554,1.0,0.0,0.518,0.0,0.388,0.0,0.498,0.0,0.94,0.918,0.82,0.674,0.79,0.732,0.0,0.522,0.248
241,0.522,0.32,0.412,0.0,0.574,0.66,0.588,0.632,0.0,0.322,0.4,0.0,0.584,0.384,0.504,0.602,0.904,0.642,0.702,0.592,0.704,0.606,0.52,0.968,0.0,0.0,0.528,0.818,0.414,0.518,0.628,0.71,0.468,0.998,0.524,0.498,0.432,0.384,0.542,0.0,0.482,0.656,0.966,0.314,0.384,0.466,0.668,0.102,0.506,0.132
242,0.386,0.336,0.434,0.0,0.0,0.62,0.574,0.608,0.52,0.0,0.0,0.538,0.0,0.388,0.472,0.548,0.926,0.68,0.71,0.586,0.762,0.594,0.0,0.978,0.0,0.49,0.514,0.832,0.382,0.534,0.582,0.642,0.0,0.998,0.538,0.42,0.482,0.0,0.594,0.0,0.538,0.834,0.942,0.0,0.634,0.456,0.614,0.36,0.25,0.0
243,0.456,0.28,0.452,0.476,0.562,0.718,0.546,0.642,0.486,0.0,0.488,0.0,0.0,0.63,0.0,0.548,0.934,0.704,0.672,0.572,0.704,0.562,0.546,0.976,0.52,0.504,0.522,0.804,0.366,0.508,0.55,0.652,0.524,1.0,0.584,0.484,0.0,0.472,0.586,0.0,0.0,0.498,0.896,0.318,0.472,0.482,0.636,0.956,0.258,0.424
244,0.236,0.0,0.452,0.0,0.582,0.628,0.616,0.65,0.0,0.614,0.554,0.0,0.494,0.75,0.394,0.588,0.784,0.73,0.646,0.65,0.642,0.56,0.488,0.974,0.514,0.502,0.51,0.814,0.392,0.508,0.532,0.688,0.494,0.998,0.64,0.468,0.0,0.0,0.0,0.0,0.0,0.44,0.892,0.0,0.762,0.57,0.53,0.66,0.404,0.0
245,0.0,0.516,0.448,0.48,0.554,0.616,0.546,0.676,0.508,0.608,0.434,0.398,0.438,0.0,0.0,0.59,0.78,0.776,0.708,0.646,0.604,0.574,0.528,0.974,0.518,0.0,0.526,0.828,0.352,0.5,0.574,0.628,0.498,1.0,0.686,0.502,0.0,0.0,0.0,0.0,0.0,0.538,0.938,0.0,0.842,0.626,0.57,0.67,0.284,0.43
246,0.0,0.52,0.456,0.0,0.652,0.568,0.548,0.644,0.504,0.608,0.0,0.0,0.352,0.0,0.604,0.57,0.81,0.778,0.666,0.654,0.636,0.586,0.54,0.972,0.518,0.0,0.0,0.814,0.382,0.0,0.67,0.546,0.384,0.998,0.648,0.0,0.562,0.446,0.59,0.546,0.642,0.44,0.79,0.38,0.58,0.864,0.0,0.758,0.296,0.912
247,0.562,0.522,0.452,0.0,0.628,0.562,0.522,0.684,0.0,0.544,0.0,0.526,0.362,0.55,0.402,0.67,0.882,0.766,0.64,0.668,0.564,0.588,0.588,0.976,0.496,0.55,0.0,0.808,0.388,0.502,0.606,0.532,0.0,0.998,0.62,0.608,0.576,0.0,0.562,0.512,0.716,0.89,0.622,0.694,0.57,0.846,0.0,0.924,0.23,0.938
248,0.658,0.532,0.462,0.532,0.592,0.674,0.498,0.664,0.52,0.412,0.0,0.654,0.36,0.508,0.34,0.58,0.832,0.668,0.612,0.692,0.586,0.59,0.528,0.972,0.502,0.0,0.0,0.818,0.354,0.518,0.606,0.546,0.534,0.998,0.576,0.732,0.596,0.476,0.578,0.526,0.654,0.98,0.428,0.77,0.668,0.812,0.916,0.978,0.418,0.886
249,0.78,0.578,0.354,0.0,0.608,0.596,0.55,0.698,0.502,0.0,0.0,0.55,0.0,0.446,0.258,0.546,0.85,0.726,0.574,0.69,0.552,0.0,0.0,0.968,0.55,0.52,0.0,0.834,0.376,0.506,0.582,0.518,0.744,0.998,0.608,0.672,0.608,0.0,0.556,0.544,0.632,0.968,0.57,0.742,0.642,0.666,0.934,0.992,0.476,0.942
250,0.764,0.542,0.39,0.596,0.636,0.706,0.548,0.616,0.562,0.0,0.0,0.676,0.0,0.35,0.0,0.582,0.738,0.648,0.674,0.798,0.624,0.542,0.516,0.986,0.57,0.532,0.0,0.808,0.374,0.0,0.558,0.52,0.702,0.996,0.56,0.612,0.47,0.0,0.0,0.0,0.648,0.8,0.0,0.804,0.654,0.436,0.346,0.962,0.472,0.762
251,0.73,0.0,0.0,0.556,0.726,0.66,0.57,0.752,0.0,0.518,0.532,0.584,0.47,0.288,0.626,0.658,0.78,0.564,0.684,0.62,0.6,0.566,0.518,0.97,0.538,0.0,0.506,0.794,0.398,0.522,0.568,0.502,0.644,0.998,0.554,0.684,0.0,0.0,0.0,0.582,0.0,0.44,0.0,0.82,0.676,0.636,0.462,0.88,0.298,0.724
252,0.654,0.464,0.524,0.54,0.732,0.704,0.61,0.782,0.522,0.498,0.0,0.544,0.0,0.256,0.632,0.524,0.718,0.534,0.684,0.67,0.604,0.524,0.524,0.974,0.524,0.0,0.51,0.796,0.39,0.0,0.56,0.466,0.712,1.0,0.514,0.606,0.454,0.5,0.604,0.584,0.0,0.6,0.73,0.528,0.558,0.612,0.502,0.97,0.32,0.804
253,0.522,0.486,0.55,0.556,0.818,0.69,0.532,0.718,0.0,0.426,0.0,0.632,0.532,0.0,0.0,0.518,0.638,0.5,0.622,0.576,0.642,0.544,0.59,0.95,0.516,0.526,0.534,0.81,0.368,0.496,0.61,0.492,0.718,0.996,0.0,0.63,0.638,0.494,0.56,0.598,0.0,0.36,0.0,0.514,0.296,0.368,0.684,0.966,0.352,0.676
254,0.478,0.416,0.56,0.506,0.754,0.732,0.548,0.69,0.0,0.514,0.432,0.556,0.0,0.426,0.408,0.574,0.666,0.0,0.662,0.624,0.544,0.524,0.572,0.968,0.5,0.536,0.516,0.816,0.374,0.492,0.506,0.394,0.0,0.998,0.6,0.616,0.664,0.458,0.656,0.632,0.512,0.428,0.544,0.574,0.422,0.494,0.914,0.262,0.256,0.792
255,0.614,0.374,0.558,0.362,0.75,0.77,0.0,0.7,0.542,0.0,0.0,0.46,0.0,0.398,0.482,0.586,0.662,0.0,0.642,0.654,0.604,0.55,0.602,0.968,0.0,0.486,0.578,0.826,0.354,0.512,0.502,0.532,0.526,0.996,0.596,0.652,0.662,0.0,0.598,0.682,0.656,0.292,0.908,0.57,0.448,0.308,0.972,0.192,0.202,0.826
256,0.504,0.312,0.514,0.324,0.696,0.766,0.0,0.664,0.0,0.0,0.0,0.0,0.0,0.0,0.358,0.628,0.672,0.532,0.6,0.698,0.602,0.548,0.0,0.97,0.51,0.518,0.0,0.832,0.36,0.532,0.538,0.466,0.984,0.998,0.592,0.578,0.614,0.434,0.604,0.586,0.516,0.434,0.922,0.612,0.438,0.246,0.942,0.0,0.0,0.368
257,0.45,0.0,0.616,0.354,0.7,0.704,0.508,0.682,0.522,0.326,0.0,0.0,0.528,0.0,0.38,0.664,0.782,0.554,0.598,0.608,0.586,0.518,0.502,0.982,0.512,0.492,0.0,0.794,0.354,0.512,0.54,0.42,0.982,0.996,0.574,0.468,0.63,0.0,0.582,0.61,0.592,0.446,0.948,0.644,0.0,0.1,0.992,0.672,0.698,0.264
258,0.552,0.0,0.528,0.43,0.674,0.624,0.56,0.666,0.526,0.254,0.518,0.53,0.528,0.0,0.338,0.66,0.68,0.564,0.524,0.638,0.64,0.534,0.502,0.956,0.53,0.51,0.516,0.794,0.374,0.0,0.58,0.38,0.982,0.996,0.66,0.342,0.64,0.0,0.0,0.652,0.546,0.784,0.876,0.904,0.406,0.142,0.842,0.996,0.592,0.152
259,0.586,0.538,0.0,0.32,0.7,0.686,0.61,0.776,0.488,0.308,0.592,0.0,0.486,0.0,0.256,0.714,0.704,0.506,0.6,0.604,0.524,0.498,0.0,0.968,0.5,0.526,0.0,0.802,0.342,0.0,0.0,0.0,0.982,0.996,0.556,0.0,0.656,0.554,0.484,0.532,0.568,0.552,0.81,0.972,0.782,0.16,0.964,0.798,0.344,0.174
260,0.434,0.562,0.494,0.0,0.662,0.63,0.566,0.76,0.0,0.352,0.58,0.47,0.388,0.604,0.0,0.664,0.69,0.592,0.532,0.756,0.566,0.496,0.0,0.988,0.504,0.518,0.542,0.806,0.378,0.0,0.0,0.496,0.984,0.996,0.556,0.0,0.592,0.0,0.522,0.522,0.612,0.594,0.0,0.982,0.854,0.0,0.998,0.0,0.518,0.192
261,0.458,0.51,0.51,0.0,0.758,0.62,0.59,0.756,0.5,0.22,0.458,0.0,0.358,0.544,0.0,0.622,0.62,0.0,0.514,0.85,0.512,0.0,0.518,0.972,0.0,0.51,0.51,0.806,0.338,0.0,0.526,0.502,0.982,0.996,0.538,0.0,1.0,0.514,0.0,0.0,0.666,0.636,0.662,0.976,0.742,0.0,0.998,1.0,0.478,0.316
262,0.41,0.474,0.0,0.4,0.802,0.616,0.586,0.702,0.51,0.23,0.464,0.0,0.418,0.0,0.524,0.59,0.62,0.0,0.532,0.772,0.486,0.0,0.522,0.972,0.0,0.544,0.0,0.812,0.35,0.0,0.54,0.0,0.982,0.996,0.472,0.0,1.0,0.478,0.538,0.526,0.85,0.47,0.562,0.95,0.412,0.304,0.954,1.0,0.524,0.174
263,0.428,0.0,0.422,0.0,0.724,0.602,0.558,0.692,0.54,0.0,0.436,0.0,0.398,0.338,0.342,0.632,0.648,0.0,0.512,0.618,0.492,0.5,0.476,0.97,0.532,0.0,0.53,0.814,0.336,0.502,0.0,0.0,0.982,0.996,0.0,0.0,1.0,0.0,0.62,0.546,0.834,0.818,0.57,0.874,0.416,0.462,0.85,1.0,0.688,0.118
264,0.414,0.0,0.0,0.0,0.648,0.6,0.634,0.66,0.498,0.0,0.582,0.0,0.0,0.326,0.0,0.558,0.622,0.492,0.546,0.588,0.556,0.55,0.508,0.972,0.546,0.516,0.0,0.814,0.368,0.0,0.508,0.524,0.982,0.996,0.0,0.46,1.0,0.0,0.594,0.522,0.868,0.828,0.598,0.908,0.466,0.412,0.682,0.426,0.722,0.114
265,0.384,0.0,0.0,0.434,0.662,0.532,0.596,0.66,0.476,0.744,0.572,0.0,0.564,0.392,0.52,0.0,0.614,0.514,0.486,0.57,0.502,0.55,0.502,0.978,0.548,0.506,0.514,0.794,0.344,0.52,0.532,0.0,0.982,0.996,0.572,0.448,1.0,0.492,0.528,0.0,0.836,0.0,0.804,0.558,0.536,0.808,0.842,0.95,0.66,0.0
266,0.0,0.524,0.522,0.0,0.664,0.584,0.57,0.58,0.524,0.814,0.576,0.0,0.654,0.306,0.0,0.572,0.682,0.0,0.54,0.61,0.468,0.506,0.528,0.97,0.54,0.52,0.524,0.788,0.306,0.498,0.544,0.0,0.982,0.996,0.518,0.484,1.0,0.534,0.528,0.0,0.798,0.592,0.0,0.0,0.676,0.514,0.59,0.324,0.824,0.0
267,0.0,0.522,0.532,0.496,0.678,0.56,0.536,0.53,0.514,0.698,0.452,0.0,0.576,0.392,0.0,0.57,0.756,0.522,0.52,0.67,0.512,0.518,0.516,0.976,0.54,0.0,0.54,0.8,0.326,0.484,0.0,0.492,0.98,0.998,0.608,0.0,1.0,0.0,0.52,0.0,0.692,0.0,0.0,0.0,0.46,0.492,0.736,0.0,0.542,0.408
268,0.0,0.588,0.462,0.474,0.68,0.564,0.54,0.692,0.0,0.666,0.426,0.0,0.582,0.45,0.588,0.682,0.73,0.55,0.51,0.634,0.538,0.542,0.0,0.978,0.586,0.0,0.55,0.798,0.348,0.456,0.0,0.47,0.976,0.996,0.672,0.506,0.998,0.536,0.608,0.0,0.674,0.692,0.878,0.0,0.382,0.78,0.302,0.0,0.544,0.398
269,0.0,0.484,0.362,0.536,0.706,0.0,0.0,0.59,0.526,0.0,0.388,0.278,0.558,0.38,0.0,0.708,0.798,0.526,0.564,0.606,0.568,0.54,0.518,0.972,0.526,0.0,0.534,0.788,0.336,0.494,0.628,0.572,0.962,0.996,0.658,0.59,1.0,0.46,0.576,0.0,0.698,0.87,0.976,0.492,0.328,0.866,0.372,0.0,0.43,0.66
270,0.0,0.604,0.0,0.42,0.69,0.526,0.578,0.0,0.0,0.492,0.35,0.316,0.0,0.0,0.0,0.608,0.794,0.572,0.586,0.606,0.532,0.532,0.526,0.986,0.552,0.498,0.52,0.806,0.292,0.48,0.614,0.484,0.954,0.996,0.676,0.954,1.0,0.0,0.626,0.558,0.738,0.982,0.98,0.704,0.26,0.818,0.702,0.0,0.676,0.712
271,0.0,0.67,0.428,0.476,0.578,0.538,0.618,0.684,0.0,0.52,0.442,0.0,0.408,0.0,0.0,0.568,0.654,0.558,0.522,0.624,0.58,0.51,0.542,0.972,0.552,0.49,0.54,0.804,0.0,0.462,0.648,0.498,0.944,0.996,0.592,0.95,1.0,0.598,0.578,0.55,0.776,0.792,0.952,0.78,0.212,0.776,0.0,0.0,0.792,0.0
272,0.0,0.608,0.0,0.458,0.602,0.0,0.624,0.666,0.52,0.492,0.44,0.0,0.506,0.378,0.0,0.64,0.0,0.6,0.578,0.558,0.56,0.534,0.522,0.982,0.556,0.484,0.504,0.812,0.494,0.46,0.626,0.494,0.95,0.996,0.606,0.962,0.998,0.602,0.708,0.498,0.782,0.814,0.986,0.944,0.0,0.492,0.542,0.908,0.716,0.0
273,0.0,0.678,0.0,0.48,0.614,0.594,0.576,0.692,0.502,0.394,0.406,0.512,0.442,0.0,0.0,0.592,0.598,0.54,0.598,0.608,0.506,0.568,0.512,0.99,0.584,0.502,0.506,0.814,0.484,0.0,0.0,0.482,0.904,0.996,0.0,0.944,0.998,0.544,0.644,0.502,0.828,0.128,0.984,0.978,0.0,0.784,0.508,0.558,0.698,0.928
274,0.0,0.724,0.494,0.368,0.63,0.534,0.552,0.62,0.564,0.33,0.366,0.42,0.398,0.0,0.402,0.606,0.612,0.548,0.59,0.626,0.542,0.588,0.534,0.974,0.56,0.506,0.506,0.814,0.502,0.534,0.522,0.568,0.846,0.996,0.534,0.952,0.998,0.0,0.578,0.534,0.756,0.176,0.984,0.66,0.416,0.842,0.714,0.0,0.0,0.516
275,0.0,0.766,0.48,0.0,0.612,0.516,0.584,0.588,0.0,0.0,0.46,0.0,0.368,0.0,0.43,0.524,0.578,0.612,0.606,0.592,0.648,0.564,0.54,0.976,0.548,0.504,0.0,0.81,0.478,0.522,0.0,0.484,0.844,0.996,0.0,0.948,0.998,0.0,0.642,0.518,0.898,0.29,0.938,0.402,0.0,0.964,0.326,0.0,0.0,0.584
276,0.376,0.7,0.47,0.482,0.594,0.532,0.59,0.514,0.52,0.0,0.456,0.48,0.388,0.0,0.0,0.0,0.56,0.514,0.618,0.622,0.58,0.57,0.486,0.982,0.612,0.538,0.514,0.788,0.498,0.532,0.0,0.418,0.824,0.996,0.516,0.954,0.998,0.506,0.716,0.524,0.838,0.308,0.912,0.936,0.0,0.968,0.202,0.802,0.0,0.996
277,0.0,0.682,0.0,0.518,0.572,0.522,0.676,0.54,0.506,0.0,0.408,0.412,0.312,0.428,0.488,0.482,0.564,0.544,0.566,0.576,0.614,0.576,0.462,0.986,0.598,0.498,0.518,0.786,0.534,0.468,0.596,0.476,0.984,0.996,0.506,0.94,0.998,0.548,0.622,0.0,0.82,0.684,0.948,0.596,0.642,0.932,0.0,0.556,0.512,0.958
278,0.0,0.728,0.496,0.0,0.624,0.0,0.746,0.604,0.0,0.478,0.334,0.416,0.296,0.0,0.406,0.566,0.562,0.0,0.59,0.572,0.612,0.596,0.486,0.978,0.568,0.494,0.522,0.788,0.492,0.0,0.574,0.456,0.982,0.996,0.554,0.932,0.996,0.602,0.564,0.484,0.72,0.786,0.976,0.0,0.602,0.636,0.73,0.984,0.562,0.65
279,0.0,0.714,0.468,0.0,0.678,0.0,0.782,0.596,0.548,0.372,0.332,0.436,0.298,0.0,0.374,0.588,0.53,0.0,0.63,0.56,0.606,0.596,0.42,0.98,0.592,0.524,0.504,0.794,0.51,0.496,0.52,0.0,0.984,0.996,0.568,0.928,0.996,0.692,0.518,0.53,0.636,0.646,0.932,0.686,0.674,0.578,0.904,1.0,0.426,0.0
280,0.506,0.732,0.0,0.0,0.738,0.534,0.722,0.57,0.494,0.0,0.0,0.336,0.264,0.6,0.0,0.0,0.0,0.0,0.582,0.564,0.63,0.586,0.42,0.982,0.574,0.53,0.496,0.78,0.48,0.528,0.0,0.51,0.984,0.996,0.556,0.874,0.996,0.598,0.0,0.524,0.624,0.0,0.828,0.0,0.652,0.0,0.97,0.978,0.496,0.636
281,0.418,0.666,0.466,0.0,0.688,0.566,0.74,0.62,0.532,0.57,0.0,0.328,0.264,0.656,0.464,0.0,0.0,0.0,0.522,0.594,0.584,0.552,0.426,0.978,0.564,0.506,0.518,0.816,0.49,0.506,0.0,0.0,0.982,0.996,0.584,0.836,0.994,0.534,0.0,0.0,0.696,0.0,0.948,0.0,0.626,0.0,0.942,0.954,0.0,0.952
282,0.35,0.698,0.506,0.0,0.65,0.526,0.72,0.558,0.494,0.0,0.51,0.308,0.342,0.828,0.488,0.0,0.552,0.0,0.518,0.61,0.554,0.562,0.388,0.986,0.55,0.578,0.49,0.792,0.492,0.0,0.0,0.506,0.982,0.996,0.572,0.786,0.994,0.572,0.0,0.522,0.612,0.0,0.94,0.916,0.644,0.63,0.0,0.998,0.498,0.0
283,0.344,0.758,0.502,0.0,0.634,0.648,0.732,0.0,0.49,0.558,0.0,0.294,0.268,0.622,0.0,0.0,0.552,0.554,0.0,0.536,0.0,0.574,0.39,0.976,0.596,0.526,0.0,0.788,0.478,0.522,0.524,0.0,0.982,0.996,0.49,0.744,0.994,0.504,0.532,0.56,0.706,0.59,0.938,0.81,0.666,0.808,0.994,0.996,0.506,0.82
284,0.322,0.762,0.0,0.0,0.688,0.59,0.68,0.648,0.494,0.598,0.522,0.0,0.274,0.524,0.434,0.554,0.54,0.63,0.0,0.536,0.518,0.574,0.376,0.99,0.594,0.54,0.508,0.768,0.0,0.512,0.0,0.536,0.982,0.996,0.524,0.728,0.994,0.54,0.614,0.638,0.586,0.704,0.91,0.778,0.638,0.0,0.974,0.0,0.506,0.0
285,0.29,0.762,0.0,0.58,0.694,0.58,0.736,0.696,0.478,0.598,0.516,0.588,0.0,0.718,0.0,0.512,0.588,0.552,0.524,0.548,0.0,0.578,0.39,0.976,0.588,0.536,0.0,0.798,0.508,0.514,0.532,0.0,0.982,0.996,0.532,0.714,0.994,0.554,0.508,0.538,0.626,0.766,0.83,0.83,0.512,0.87,0.802,0.0,0.6,0.576
286,0.0,0.688,0.534,0.582,0.602,0.64,0.752,0.784,0.0,0.382,0.462,0.0,0.5,0.582,0.0,0.526,0.556,0.546,0.0,0.646,0.532,0.592,0.394,0.982,0.55,0.56,0.528,0.786,0.478,0.0,0.544,0.538,0.982,0.996,0.58,0.634,0.994,0.538,0.0,0.524,0.638,0.704,0.794,0.816,0.53,0.744,0.552,0.0,0.0,0.6
287,0.0,0.67,0.0,0.534,0.694,0.528,0.74,0.716,0.524,0.468,0.438,0.458,0.5,0.512,0.454,0.532,0.62,0.544,0.524,0.592,0.508,0.56,0.424,0.982,0.554,0.55,0.532,0.772,0.492,0.526,0.5,0.0,0.982,0.994,0.582,0.624,0.994,0.57,0.44,0.522,0.658,0.748,0.798,0.826,0.396,0.742,0.958,0.966,0.0,0.716
288,0.596,0.642,0.436,0.52,0.694,0.534,0.67,0.728,0.508,0.432,0.0,0.546,0.0,0.52,0.404,0.542,0.67,0.65,0.546,0.692,0.49,0.57,0.364,0.97,0.614,0.516,0.512,0.772,0.492,0.504,0.0,0.0,0.982,0.996,0.692,0.56,0.994,0.426,0.0,0.0,0.706,0.0,0.698,0.806,0.328,0.854,0.0,0.0,0.684,0.87
289,0.548,0.708,0.492,0.472,0.53,0.6,0.606,0.594,0.546,0.0,0.462,0.562,0.0,0.51,0.0,0.616,0.638,0.668,0.596,0.608,0.554,0.592,0.402,0.974,0.572,0.53,0.548,0.766,0.5,0.0,0.514,0.0,0.982,0.996,0.636,0.0,0.994,0.0,0.52,0.0,0.7,0.83,0.0,0.974,0.326,0.852,0.67,0.0,0.656,0.0
290,0.528,0.684,0.0,0.46,0.726,0.608,0.62,0.654,0.0,0.484,0.0,0.454,0.482,0.346,0.422,0.564,0.616,0.59,0.614,0.706,0.518,0.61,0.376,0.976,0.546,0.54,0.552,0.758,0.484,0.506,0.516,0.0,0.982,0.996,0.61,0.0,0.994,0.0,0.514,0.0,0.678,0.986,0.59,0.974,0.484,0.888,0.764,0.992,0.636,0.0
291,0.552,0.696,0.558,0.354,0.626,0.6,0.518,0.594,0.51,0.0,0.402,0.0,0.592,0.258,0.0,0.612,0.622,0.55,0.548,0.54,0.542,0.596,0.352,0.972,0.588,0.538,0.52,0.77,0.48,0.53,0.526,0.0,0.982,0.996,0.624,0.488,0.994,0.494,0.43,0.0,0.652,0.982,0.674,0.986,0.242,0.82,0.874,0.714,0.502,0.536
292,0.658,0.666,0.534,0.326,0.688,0.6,0.0,0.578,0.0,0.62,0.574,0.0,0.538,0.32,0.0,0.602,0.676,0.588,0.592,0.584,0.56,0.588,0.356,0.978,0.532,0.55,0.53,0.772,0.0,0.514,0.52,0.562,0.98,0.996,0.664,0.0,0.994,0.442,0.0,0.566,0.584,0.982,0.608,0.992,0.118,0.0,0.26,0.0,0.0,0.0
293,0.67,0.758,0.548,0.32,0.692,0.548,0.566,0.608,0.508,0.752,0.518,0.416,0.61,0.28,0.502,0.51,0.612,0.548,0.514,0.582,0.508,0.588,0.362,0.992,0.542,0.558,0.516,0.77,0.528,0.0,0.596,0.604,0.98,0.996,0.0,0.0,0.994,0.0,0.0,0.498,0.486,0.97,0.688,0.984,0.182,0.758,0.0,0.932,0.494,0.0
294,0.558,0.686,0.584,0.3,0.682,0.62,0.576,0.55,0.512,0.468,0.52,0.0,0.746,0.348,0.0,0.54,0.548,0.6,0.53,0.548,0.534,0.576,0.33,0.97,0.556,0.514,0.544,0.77,0.51,0.0,0.54,0.608,0.98,0.996,0.0,0.476,0.994,0.604,0.52,0.66,0.496,0.932,0.74,0.994,0.488,0.926,0.0,1.0,0.732,0.0
295,0.522,0.654,0.722,0.35,0.69,0.696,0.588,0.616,0.524,0.484,0.552,0.0,0.818,0.0,0.596,0.522,0.626,0.558,0.558,0.524,0.54,0.642,0.36,0.982,0.548,0.526,0.54,0.75,0.0,0.496,0.536,0.64,0.98,0.996,0.0,0.0,0.994,0.67,0.0,0.636,0.614,0.704,0.656,0.99,0.494,0.556,0.0,1.0,0.58,0.624
296,0.432,0.61,0.624,0.378,0.686,0.564,0.512,0.556,0.52,0.0,0.508,0.454,0.662,0.0,0.442,0.482,0.686,0.576,0.0,0.506,0.564,0.612,0.372,0.986,0.566,0.488,0.538,0.74,0.534,0.5,0.508,0.62,0.972,0.994,0.0,0.504,0.994,0.854,0.49,0.674,0.668,0.0,0.0,0.982,0.452,0.866,0.0,0.998,0.702,0.408
297,0.51,0.638,0.604,0.0,0.716,0.6,0.0,0.542,0.508,0.346,0.466,0.48,0.554,0.336,0.0,0.518,0.608,0.548,0.538,0.526,0.574,0.598,0.362,0.966,0.538,0.52,0.556,0.76,0.0,0.492,0.0,0.606,0.97,0.994,0.568,0.536,0.994,0.792,0.478,0.626,0.582,0.654,0.0,0.988,0.392,0.722,0.684,0.84,0.772,0.61
298,0.686,0.538,0.0,0.5,0.698,0.566,0.55,0.52,0.52,0.254,0.416,0.508,0.424,0.328,0.632,0.0,0.638,0.512,0.564,0.0,0.544,0.572,0.346,0.972,0.54,0.52,0.52,0.726,0.496,0.482,0.544,0.612,0.96,0.996,0.526,0.53,0.994,0.766,0.0,0.646,0.48,0.836,0.592,0.964,0.184,0.0,0.662,0.922,0.842,0.582
299,0.65,0.474,0.0,0.408,0.704,0.526,0.0,0.558,0.52,0.252,0.376,0.62,0.0,0.316,0.0,0.58,0.618,0.57,0.51,0.56,0.488,0.574,0.34,0.966,0.564,0.504,0.544,0.738,0.476,0.0,0.594,0.586,0.918,0.994,0.53,0.49,0.994,0.682,0.0,0.64,0.524,0.896,0.644,0.914,0.288,0.646,0.646,0.994,0.668,0.734
300,0.58,0.398,0.486,0.42,0.712,0.532,0.0,0.562,0.544,0.278,0.288,0.63,0.0,0.328,0.584,0.532,0.552,0.57,0.0,0.578,0.58,0.624,0.37,0.97,0.574,0.526,0.57,0.716,0.502,0.512,0.55,0.548,0.924,0.994,0.54,0.468,0.994,0.738,0.494,0.58,0.45,0.0,0.464,0.964,0.0,0.0,0.686,0.96,0.418,0.508
301,0.684,0.0,0.0,0.334,0.726,0.0,0.486,0.562,0.548,0.332,0.0,0.68,0.388,0.256,0.284,0.552,0.604,0.598,0.534,0.606,0.53,0.62,0.366,0.982,0.586,0.51,0.562,0.744,0.51,0.482,0.508,0.552,0.934,0.992,0.544,0.0,0.994,0.0,0.484,0.552,0.342,0.0,0.432,0.94,0.712,0.0,0.874,0.0,0.682,0.5
302,0.708,0.59,0.0,0.344,0.678,0.492,0.496,0.514,0.532,0.228,0.0,0.588,0.41,0.26,0.304,0.544,0.6,0.552,0.558,0.554,0.0,0.61,0.344,0.966,0.568,0.0,0.56,0.728,0.49,0.518,0.5,0.0,0.886,0.994,0.682,0.586,0.994,0.0,0.0,0.608,0.314,0.0,0.0,0.71,0.438,0.936,0.994,0.914,0.498,0.7
303,0.664,0.594,0.0,0.426,0.772,0.558,0.0,0.554,0.532,0.31,0.0,0.39,0.0,0.0,0.344,0.554,0.568,0.548,0.522,0.544,0.592,0.622,0.376,0.97,0.544,0.506,0.586,0.728,0.46,0.498,0.538,0.512,0.818,0.994,0.558,0.0,0.994,0.0,0.0,0.586,0.34,0.612,0.892,0.508,0.464,0.888,1.0,0.83,0.532,0.366
304,0.652,0.556,0.0,0.51,0.692,0.536,0.608,0.506,0.564,0.252,0.0,0.0,0.478,0.436,0.206,0.532,0.53,0.618,0.552,0.838,0.548,0.602,0.398,0.968,0.572,0.534,0.556,0.734,0.484,0.534,0.59,0.0,0.782,0.994,0.528,0.528,0.994,0.0,0.588,0.556,0.246,0.936,0.962,0.0,0.624,0.928,1.0,0.936,0.656,0.316
305,0.572,0.432,0.434,0.398,0.656,0.0,0.536,0.0,0.566,0.288,0.0,0.492,0.0,0.408,0.0,0.0,0.492,0.59,0.554,0.668,0.578,0.618,0.352,0.97,0.564,0.0,0.552,0.722,0.512,0.0,0.67,0.0,0.746,0.994,0.0,0.618,0.994,0.612,0.576,0.576,0.288,0.94,0.968,0.58,0.0,0.956,0.998,0.98,0.556,0.0
