n_policy,PPO_Ant_seed1,PPO_Ant_seed2,PPO_Ant_seed3,PPO_Ant_seed4,PPO_Humanoid_seed1,PPO_Humanoid_seed2,PPO_Humanoid_seed3,PPO_Humanoid_seed4,PPO_HumanoidStandup_seed1
29,0.050936,-0.0,-0.0,0.0115039999999999,-0.0,-0.0,0.06624,0.1373439999999999,-0.0
30,-0.0,0.017768,-0.0,0.0574479999999999,-0.0,0.2012480000000001,-0.0,-0.0,-0.0
31,0.0673840000000001,-0.0,0.0758080000000001,0.034032,0.2663759999999999,0.1479680000000001,0.778816,-0.0,0.244904
32,0.0161599999999999,-0.0,0.004032,-0.0,0.031624,0.1888559999999999,-0.0,-0.0,-0.0
33,-0.0,0.051984,0.020188,0.0217359999999999,0.308416,-0.0,0.4266799999999999,0.18656,-0.0
34,-0.0,-0.0,-0.0,0.064472,-0.0,-0.0,0.5440559999999999,-0.0,0.2572399999999999
35,0.0108559999999999,-0.0,0.023136,-0.0,0.0420959999999999,-0.0,0.31372,0.0123120000000001,-0.0
36,-0.0,-0.0,0.0449759999999999,-0.0,-0.0,0.6084559999999999,-0.0,-0.0,-0.0
37,0.0357039999999999,0.0458799999999999,-0.0,-0.0,0.706504,-0.0,-0.0,0.8369200000000001,0.3351359999999999
38,0.0250399999999999,0.118624,0.0538479999999998,-0.0,-0.0,0.2059679999999999,-0.0,-0.0,-0.0
39,0.0974319999999999,-0.0,0.005584,-0.0,-0.0,-0.0,0.203384,-0.0,-0.0
40,-0.0,-0.0,-0.0,-0.0,0.437384,-0.0,0.0314239999999998,0.1106799999999998,-0.0
41,0.0283359999999999,-0.0,-0.0,0.0345120000000001,-0.0,-0.0,-0.0,0.388328,-0.0
42,0.0254559999999999,-0.0,-0.0,-0.0,-0.0,0.262864,0.5500479999999999,0.0634479999999999,-0.0
43,-0.0,-0.0,-0.0,0.1000399999999999,-0.0,-0.0,0.4068879999999999,0.3993839999999999,-0.0
44,0.0027999999999999,0.024512,0.028496,-0.0,-0.0,0.3950960000000001,0.1138719999999999,-0.0,-0.0
45,-0.0,-0.0,0.072392,0.0259119999999999,-0.0,-0.0,-0.0,-0.0,-0.0
46,-0.0,0.0782560000000001,0.0834479999999999,0.01424,-0.0,0.007608,-0.0,-0.0,0.060008
47,0.0898080000000001,0.0224079999999999,-0.0,-0.0,-0.0,-0.0,-0.0,0.3260480000000001,-0.0
48,-0.0,-0.0,0.0499519999999999,0.044936,0.04756,0.07928,0.0023280000000001,0.0689599999999999,-0.0
49,0.0266079999999999,-0.0,-0.0,-0.0,0.4001999999999999,0.0649440000000001,-0.0,-0.0,0.473848
50,-0.0,0.0017439999999999,0.095088,-0.0,0.204048,-0.0,0.0196959999999999,0.0310559999999999,0.0010399999999999
51,-0.0,0.0113199999999999,0.0232959999999999,0.008248,-0.0,0.2123520000000001,-0.0,0.0762879999999999,-0.0
52,-0.0,-0.0,-0.0,-0.0,0.257376,0.4705440000000001,-0.0,-0.0,-0.0
53,-0.0,-0.0,0.006248,-0.0,0.0034959999999999,-0.0,-0.0,-0.0,-0.0
54,-0.0,0.0248479999999999,0.0329839999999999,-0.0,0.71052,0.444968,-0.0,0.2377679999999999,-0.0
55,-0.0,-0.0,-0.0,-0.0,-0.0,0.1440239999999999,0.2383919999999999,-0.0,-0.0
56,-0.0,0.0004079999999999,-0.0,-0.0,-0.0,0.459184,0.076912,0.0156,-0.0
57,-0.0,-0.0,-0.0,-0.0,-0.0,-0.0,-0.0,-0.0,-0.0
58,0.022728,-0.0,0.0616639999999999,0.1113759999999999,-0.0,0.5296560000000001,-0.0,-0.0,-0.0
59,0.0258799999999999,0.0174,-0.0,0.0028159999999999,0.3744,0.0261519999999999,0.0234,0.2255359999999999,0.071056
60,-0.0,-0.0,-0.0,-0.0,-0.0,0.1356239999999999,-0.0,-0.0,-0.0
61,-0.0,-0.0,-0.0,-0.0,0.1520239999999999,-0.0,-0.0,0.1353040000000001,0.003376
62,-0.0,0.0185599999999999,-0.0,-0.0,0.0845759999999999,-0.0,0.2592959999999999,-0.0,-0.0
63,-0.0,0.0421679999999999,-0.0,-0.0,-0.0,0.6386240000000001,-0.0,0.2165840000000001,0.038192
64,-0.0,-0.0,-0.0,0.0039199999999999,0.0014,-0.0,-0.0,0.222104,0.017824
65,-0.0,-0.0,-0.0,-0.0,0.2649599999999998,0.4578,-0.0,0.0369759999999999,0.002696
66,0.0525999999999999,-0.0,-0.0,-0.0,-0.0,-0.0,-0.0,-0.0,-0.0
67,-0.0,-0.0,-0.0,-0.0,-0.0,0.058392,0.263368,0.101248,-0.0
68,-0.0,0.0205679999999999,0.0487839999999999,-0.0,0.017992,-0.0,-0.0,-0.0,0.1038000000000001
69,-0.0,-0.0,-0.0,-0.0,0.127496,0.3058640000000001,-0.0,0.1883840000000001,-0.0
70,0.0453920000000001,0.0126319999999999,0.0388479999999999,-0.0,0.240712,-0.0,0.0337359999999999,-0.0,0.051128
71,-0.0,-0.0,-0.0,0.0024239999999999,-0.0,-0.0,-0.0,-0.0,0.015136
72,0.0169760000000001,0.07396,-0.0,-0.0,-0.0,0.1204,0.2326639999999999,-0.0,0.2261120000000001
73,0.034896,-0.0,-0.0,0.017568,-0.0,0.2104239999999999,0.0640639999999999,-0.0,-0.0
74,-0.0,-0.0,-0.0,-0.0,-0.0,-0.0,-0.0,-0.0,-0.0
75,-0.0,-0.0,-0.0,-0.0,0.1213919999999999,0.4708719999999999,-0.0,-0.0,0.0378560000000001
76,-0.0,0.0727679999999999,-0.0,-0.0,-0.0,-0.0,0.1708719999999999,0.1902399999999999,0.0133039999999999
77,-0.0,-0.0,-0.0,-0.0,-0.0,0.0458559999999999,-0.0,0.1315839999999999,-0.0
78,-0.0,0.000448,-0.0,-0.0,-0.0,-0.0,0.192104,-0.0,0.010024
79,0.07624,-0.0,-0.0,0.033128,-0.0,0.1786080000000001,-0.0,-0.0,0.0277279999999999
80,-0.0,-0.0,-0.0,-0.0,0.4370560000000001,-0.0,-0.0,0.1890719999999999,-0.0
81,0.0529599999999998,-0.0,-0.0,-0.0,-0.0,0.01068,0.0270479999999999,0.0522959999999999,0.0529759999999999
82,0.0982799999999999,-0.0,0.025984,-0.0,0.026736,-0.0,0.057768,-0.0,-0.0
83,-0.0,-0.0,-0.0,-0.0,0.1309119999999999,0.1578239999999999,-0.0,0.112816,-0.0
84,-0.0,0.0354559999999999,-0.0,-0.0,-0.0,0.0450399999999999,0.001432,-0.0,0.0477199999999999
85,0.0458879999999999,-0.0,-0.0,-0.0,-0.0,0.044464,0.099312,0.0650159999999999,-0.0
86,-0.0,-0.0,0.01404,-0.0,-0.0,0.0223199999999998,-0.0,-0.0,-0.0
87,-0.0,0.030936,0.0237279999999999,-0.0,0.073104,-0.0,0.1231599999999999,0.333016,0.1213439999999999
88,-0.0,0.0116799999999999,-0.0,-0.0,0.146776,0.012032,0.025168,-0.0,0.041312
89,0.046712,-0.0,-0.0,-0.0,0.012704,0.042896,-0.0,0.1460719999999999,-0.0
90,-0.0,-0.0,-0.0,-0.0,-0.0,-0.0,0.301536,-0.0,0.0633919999999998
91,0.0090079999999999,-0.0,-0.0,0.0218,0.092616,0.1671359999999999,-0.0,0.08348,-0.0
92,-0.0,-0.0,-0.0,-0.0,0.0172000000000001,-0.0,-0.0,0.0859039999999999,0.036048
93,-0.0,-0.0,-0.0,-0.0,-0.0,-0.0,-0.0,-0.0,0.044488
94,0.1142639999999999,-0.0,-0.0,-0.0,0.337704,0.0733919999999999,0.093944,0.020472,0.0405759999999999
95,-0.0,-0.0,-0.0,-0.0,0.058648,0.035824,-0.0,-0.0,0.0190159999999999
96,-0.0,0.010696,0.011808,0.09196,-0.0,0.173464,-0.0,-0.0,-0.0
97,-0.0,0.0274319999999999,-0.0,-0.0,-0.0,-0.0,-0.0,-0.0,-0.0
98,-0.0,-0.0,-0.0,-0.0,-0.0,0.2783519999999999,0.2387760000000001,0.130848,-0.0
99,-0.0,-0.0,-0.0,-0.0,0.0432079999999999,-0.0,-0.0,0.008072,0.0434879999999999
100,0.030896,-0.0,-0.0,-0.0,-0.0,0.133512,-0.0,-0.0,-0.0
101,-0.0,-0.0,-0.0,0.0840799999999999,-0.0,-0.0,0.2123919999999999,-0.0,-0.0
102,-0.0,-0.0,-0.0,0.0986800000000001,0.1429279999999999,0.2773920000000001,-0.0,0.038248,-0.0
103,-0.0,-0.0,0.038248,-0.0,-0.0,0.326144,0.23564,-0.0,-0.0
104,-0.0,-0.0,0.274184,-0.0,0.0825439999999999,-0.0,-0.0,0.0285280000000001,-0.0
105,-0.0,-0.0,-0.0,0.025112,-0.0,-0.0,0.1368800000000001,-0.0,-0.0
106,-0.0,-0.0,-0.0,-0.0,0.052216,0.0172319999999999,0.1804000000000001,-0.0,0.0016799999999999
107,0.0474319999999999,0.2086319999999999,-0.0,0.0906,0.0105360000000001,0.3058959999999999,-0.0,0.139224,-0.0
108,-0.0,-0.0,0.081768,-0.0,0.2898879999999999,-0.0,0.0189919999999998,-0.0,0.026736
109,-0.0,0.045608,0.2936719999999999,-0.0,-0.0,-0.0,0.002904,0.0281359999999999,-0.0
110,-0.0,-0.0,-0.0,0.0738879999999999,0.0421039999999999,0.1924399999999999,0.2121599999999999,0.1402399999999999,0.0037599999999999
111,0.04516,-0.0,-0.0,0.1897839999999999,-0.0,-0.0,0.38432,-0.0,0.0107999999999999
112,-0.0,0.0185919999999999,-0.0,-0.0,-0.0,0.0760399999999998,-0.0,-0.0,-0.0
113,0.006728,0.0805199999999999,0.098408,-0.0,-0.0,-0.0,-0.0,-0.0,-0.0
114,-0.0,-0.0,-0.0,0.0816639999999999,0.2716560000000001,0.2526319999999999,-0.0,0.0360800000000001,-0.0
115,-0.0,-0.0,-0.0,-0.0,-0.0,-0.0,0.1124719999999999,0.034504,0.0019119999999999
116,-0.0,-0.0,-0.0,-0.0,-0.0,0.0201199999999999,0.066664,-0.0,0.021168
117,-0.0,0.0358799999999999,-0.0,-0.0,0.281104,-0.0,0.1732720000000001,-0.0,-0.0
118,9.6000000000096e-05,-0.0,0.2747440000000001,-0.0,-0.0,-0.0,-0.0,-0.0,0.0372319999999999
119,-0.0,-0.0,-0.0,-0.0,0.025824,0.013584,-0.0,0.1671279999999999,-0.0
120,0.0577119999999999,0.028064,-0.0,0.0855920000000001,-0.0,0.104632,0.247608,-0.0,0.0770239999999999
121,0.127696,-0.0,-0.0,-0.0,-0.0,-0.0,-0.0,0.187376,-0.0
122,-0.0,0.0119519999999999,-0.0,-0.0,-0.0,0.0836159999999999,-0.0,-0.0,-0.0
123,-0.0,-0.0,-0.0,0.093912,0.033568,-0.0,-0.0,0.010744,-0.0
124,0.0782959999999999,0.0234479999999999,-0.0,-0.0,0.0805439999999999,0.0631520000000001,0.10776,-0.0,-0.0
125,-0.0,-0.0,-0.0,-0.0,-0.0,-0.0,-0.0,0.0267599999999998,-0.0
126,-0.0,-0.0,0.17948,-0.0,0.208696,-0.0,0.054256,-0.0,0.04912
127,-0.0,-0.0,-0.0,-0.0,-0.0,-0.0,0.0538799999999999,0.082632,-0.0
128,0.011624,-0.0,-0.0,0.09312,0.0372639999999999,-0.0,0.3173759999999999,-0.0,-0.0
129,-0.0,-0.0,-0.0,0.0130319999999999,0.0705439999999999,0.0949439999999999,-0.0,0.4111359999999999,-0.0
130,0.0523919999999999,-0.0,-0.0,-0.0,-0.0,0.0470399999999999,0.000496,-0.0,0.0026479999999999
131,0.0249680000000001,0.01868,-0.0,-0.0,-0.0,0.0157439999999999,-0.0,-0.0,-0.0
132,-0.0,-0.0,0.081088,0.011616,-0.0,0.052928,-0.0,-0.0,-0.0
133,-0.0,-0.0,-0.0,-0.0,-0.0,-0.0,0.495408,0.2736719999999999,-0.0
134,-0.0,0.11148,-0.0,-0.0,-0.0,0.0527999999999999,0.0341679999999999,-0.0,-0.0
135,-0.0,-0.0,0.1696079999999999,-0.0,-0.0,-0.0,-0.0,-0.0,-0.0
136,0.076824,-0.0,0.0154319999999998,-0.0,0.03668,0.0203439999999999,0.0252799999999999,0.032888,0.0451919999999999
137,-0.0,0.0004239999999999,-0.0,-0.0,0.04668,-0.0,-0.0,0.339288,-0.0
138,-0.0,-0.0,-0.0,-0.0,-0.0,0.034648,0.0651839999999999,-0.0,0.015176
139,0.0043599999999999,-0.0,0.0570399999999999,0.2586079999999999,0.0687599999999999,0.0652559999999999,-0.0,0.0847199999999999,0.004096
140,0.1465119999999999,-0.0,-0.0,-0.0,-0.0,-0.0,0.095752,0.491568,-0.0
141,-0.0,-0.0,-0.0,0.2376719999999998,-0.0,0.0374799999999999,-0.0,-0.0,0.0321119999999999
142,-0.0,-0.0,-0.0,-0.0,0.034952,-0.0,-0.0,0.3362,-0.0
143,-0.0,-0.0,-0.0,-0.0,0.0308559999999999,-0.0,0.111256,-0.0,-0.0
144,-0.0,-0.0,-0.0,-0.0,-0.0,0.0699119999999999,-0.0,-0.0,0.0286239999999999
145,0.0228639999999999,-0.0,-0.0,-0.0,-0.0,-0.0,-0.0,0.0066479999999999,-0.0
146,-0.0,0.104184,0.039104,-0.0,0.1007279999999999,0.0194559999999999,-0.0,0.509288,-0.0
147,-0.0,-0.0,-0.0,0.023184,-0.0,0.02048,0.2208319999999999,-0.0,-0.0
148,0.0838000000000001,-0.0,-0.0,0.085784,0.004984,0.103704,-0.0,-0.0,-0.0
149,-0.0,-0.0,-0.0,-0.0,0.024232,-0.0,0.0590239999999999,-0.0,-0.0
150,-0.0,-0.0,-0.0,0.0299279999999999,0.0576719999999999,-0.0,-0.0,-0.0,-0.0
151,0.0125919999999999,0.101976,-0.0,0.038664,-0.0,-0.0,0.071552,0.1371919999999999,-0.0
152,0.0524,0.0548159999999999,-0.0,-0.0,-0.0,-0.0,-0.0,-0.0,0.0048719999999999
153,0.007824,-0.0,-0.0,0.0985599999999999,-0.0,0.036944,0.0476239999999998,0.111088,0.003832
154,0.0038800000000001,-0.0,-0.0,0.0543679999999999,0.1409359999999999,-0.0,-0.0,-0.0,-0.0
155,-0.0,0.129696,-0.0,-0.0,-0.0,0.2461359999999999,-0.0,0.0209760000000001,-0.0
156,-0.0,-0.0,-0.0,0.0332559999999999,-0.0,-0.0,0.03672,-0.0,-0.0
157,-0.0,-0.0,-0.0,-0.0,-0.0,-0.0,0.107256,0.2583519999999999,-0.0
158,-0.0,0.1084719999999999,0.4021759999999998,0.073296,-0.0,-0.0,-0.0,-0.0,-0.0
159,0.0068639999999999,-0.0,-0.0,0.1012239999999999,-0.0,-0.0,-0.0,0.048856,0.018008
160,0.0578240000000001,-0.0,-0.0,-0.0,0.0869519999999999,0.1689279999999999,0.1362639999999999,-0.0,-0.0
161,0.037776,-0.0,-0.0,-0.0,0.20588,0.010728,0.0838479999999999,-0.0,-0.0
162,0.0758,-0.0,-0.0,-0.0,-0.0,-0.0,-0.0,0.1156479999999999,0.0181919999999999
163,-0.0,-0.0,-0.0,-0.0,0.021384,0.1349279999999999,0.0896399999999999,-0.0,-0.0
164,-0.0,-0.0,-0.0,-0.0,-0.0,-0.0,-0.0,0.1929199999999999,-0.0
165,-0.0,0.0623839999999999,0.005872,-0.0,-0.0,0.050008,0.0167999999999999,-0.0,0.0046239999999999
166,-0.0,-0.0,0.3623119999999999,-0.0,0.2099919999999999,0.0079039999999999,-0.0,0.0239759999999999,0.017112
167,-0.0,0.1650640000000001,-0.0,-0.0,0.086448,0.134808,-0.0,0.0947679999999999,-0.0
168,-0.0,-0.0,0.1015919999999999,-0.0,0.0903439999999999,-0.0,0.068472,-0.0,0.0190079999999999
169,-0.0,-0.0,-0.0,0.08552,-0.0,-0.0,0.0584,-0.0,-0.0
170,-0.0,-0.0,-0.0,0.078456,0.2156800000000001,-0.0,0.0467679999999999,0.0003919999999999,-0.0
171,-0.0,-0.0,0.1129199999999999,-0.0,-0.0,0.0101919999999999,0.01896,0.007192,0.0098
172,-0.0,0.07552,0.0458400000000001,0.058424,-0.0,0.0462,0.004984,-0.0,-0.0
173,-0.0,0.093968,-0.0,-0.0,0.2017999999999999,0.1326400000000001,0.0170799999999999,0.0645679999999999,-0.0
174,-0.0,0.0714159999999999,-0.0,0.0683119999999999,-0.0,-0.0,-0.0,0.0574559999999999,0.00712
175,-0.0,-0.0,0.010464,-0.0,-0.0,-0.0,-0.0,-0.0,-0.0
176,0.054432,0.1419839999999999,0.1457679999999999,0.0268079999999999,0.002256,0.09796,-0.0,0.034672,0.0365599999999999
177,-0.0,0.0940559999999999,-0.0,0.022904,0.13328,-0.0,0.33724,-0.0,-0.0
178,-0.0,-0.0,-0.0,0.01516,0.03156,0.1404239999999998,-0.0,0.0150479999999999,-0.0
179,-0.0,-0.0,-0.0,-0.0,-0.0,0.153024,-0.0,-0.0,-0.0
180,0.0850159999999999,0.1054399999999999,-0.0,-0.0,0.0663599999999999,-0.0,0.4832160000000001,2.4000000000024e-05,-0.0
181,0.0880879999999999,-0.0,-0.0,0.0725039999999999,-0.0,-0.0,-0.0,0.1795839999999999,-0.0
182,0.0316559999999999,-0.0,-0.0,-0.0,0.0206319999999999,-0.0,-0.0,-0.0,-0.0
183,-0.0,-0.0,0.0126479999999999,0.04516,-0.0,-0.0,0.1037840000000001,-0.0,-0.0
184,-0.0,-0.0,-0.0,-0.0,0.086896,0.002056,-0.0,0.121032,-0.0
185,0.07244,-0.0,-0.0,0.01092,-0.0,-0.0,0.0616719999999999,-0.0,-0.0
186,0.093288,-0.0,0.023368,0.027088,0.0188079999999999,-0.0,-0.0,-0.0,0.0047999999999999
187,0.0292479999999999,-0.0,-0.0,0.0194399999999999,-0.0,0.069304,-0.0,-0.0,-0.0
188,-0.0,-0.0,0.021368,0.0705759999999999,0.029104,0.0193119999999999,-0.0,-0.0,-0.0
189,0.0632399999999999,-0.0,-0.0,0.165232,0.083504,0.03584,0.075768,0.12426,-0.0
190,-0.0,0.1057920000000001,0.045512,-0.0,-0.0,0.0039519999999999,-0.0,-0.0,-0.0
191,-0.0,-0.0,0.0585279999999999,-0.0,0.079704,-0.0,-0.0,-0.0,-0.0
192,-0.0,-0.0,-0.0,-0.0,0.0509999999999999,0.054432,0.0137439999999999,0.1582639999999999,-0.0
193,0.018656,-0.0,-0.0,-0.0,-0.0,0.157864,-0.0,0.0320879999999998,0.0450159999999999
194,-0.0,-0.0,0.0092239999999998,-0.0,0.0756000000000001,-0.0,-0.0,0.0103999999999999,-0.0
195,0.0809919999999999,-0.0,-0.0,0.0010799999999999,-0.0,-0.0,0.0156480000000001,-0.0,0.015792
196,-0.0,-0.0,0.0967119999999999,0.1271679999999999,0.023152,-0.0,0.02644,0.014744,0.0036959999999999
197,-0.0,0.039544,-0.0,0.224496,-0.0,0.0687519999999999,0.0243199999999998,0.1639520000000001,-0.0
198,0.0574239999999999,-0.0,0.0066399999999999,-0.0,-0.0,0.048704,0.010216,-0.0,-0.0
199,0.0360959999999999,-0.0,-0.0,-0.0,0.1697759999999999,-0.0,0.3214000000000001,0.1415999999999999,0.0803199999999999
200,-0.0,-0.0,-0.0,-0.0,-0.0,0.001616,-0.0,-0.0,-0.0
201,-0.0,-0.0,0.0265759999999999,0.0021119999999998,0.058872,-0.0,0.300624,0.1155520000000001,-0.0
202,-0.0,-0.0,-0.0,-0.0,-0.0,-0.0,0.0728159999999999,-0.0,0.0605439999999999
203,0.00404,0.203192,-0.0,-0.0,0.072608,-0.0,-0.0,0.1104,-0.0
204,0.04712,0.2769680000000001,-0.0,-0.0,0.0796719999999999,0.04044,-0.0,-0.0,0.027784
205,-0.0,0.2090959999999999,-0.0,0.0314959999999999,-0.0,-0.0,0.024024,0.023552,0.0185759999999999
206,-0.0,0.0285200000000001,-0.0,-0.0,0.093552,-0.0,-0.0,0.1584000000000001,-0.0
207,-0.0,-0.0,-0.0,0.138792,0.157272,-0.0,0.030208,-0.0,-0.0
208,-0.0,-0.0,-0.0,-0.0,0.002064,-0.0,0.0130719999999999,0.065344,0.0683679999999999
209,-0.0,0.0743599999999999,-0.0,-0.0,-0.0,0.068616,0.0178640000000001,0.0041679999999999,-0.0
210,0.0114320000000001,-0.0,-0.0,-0.0,-0.0,-0.0,0.0061839999999999,0.05152,-0.0
211,0.090632,0.0052239999999998,0.1222160000000001,-0.0,0.0529440000000001,0.03264,-0.0,-0.0,0.006496
212,0.001344,-0.0,0.2350559999999999,0.0572479999999999,-0.0,-0.0,0.10748,-0.0,-0.0
213,-0.0,-0.0,-0.0,-0.0,0.0010319999999999,0.06288,-0.0,0.0996479999999999,0.05156
214,-0.0,0.0124239999999999,-0.0,-0.0,-0.0,0.0312319999999999,-0.0,0.0012559999999999,0.001344
215,0.0774639999999999,-0.0,-0.0,0.1173999999999999,0.0749279999999998,-0.0,-0.0,-0.0,-0.0
216,0.0621039999999999,-0.0,-0.0,0.0410239999999999,-0.0,-0.0,0.1075839999999999,0.1579999999999999,0.0176719999999999
217,-0.0,-0.0,-0.0,0.0720959999999999,-0.0,0.0663759999999999,-0.0,-0.0,0.015344
218,0.0867199999999999,0.04712,-0.0,0.084648,-0.0,-0.0,0.02516,0.046688,0.0267919999999999
219,-0.0,0.1138639999999999,-0.0,-0.0,-0.0,0.0420799999999998,0.0381599999999999,0.0743439999999999,-0.0
220,0.0785519999999999,0.0227919999999999,-0.0,-0.0,0.0794639999999999,0.0239519999999999,-0.0,0.061368,-0.0
221,0.0403839999999999,0.1109279999999999,0.1359840000000001,-0.0,0.0269759999999998,-0.0,0.0047999999999999,0.0122079999999999,0.0176480000000001
222,-0.0,0.2237039999999999,-0.0,0.0480640000000001,-0.0,-0.0,-0.0,-0.0,-0.0
223,-0.0,-0.0,-0.0,-0.0,0.0659199999999999,0.0279279999999999,0.104888,-0.0,-0.0
224,-0.0,-0.0,-0.0,-0.0,0.162776,0.066856,0.0360720000000001,-0.0,0.014944
225,0.105456,-0.0,-0.0,-0.0,-0.0,-0.0,0.0372079999999999,-0.0,0.020048
226,0.1258559999999999,-0.0,-0.0,0.133224,-0.0,0.061728,0.0773839999999999,0.049304,-0.0
227,0.031792,-0.0,-0.0,0.2110959999999999,0.1153519999999999,0.0065999999999999,0.068696,-0.0,-0.0
228,-0.0,0.0969599999999999,-0.0,0.145488,0.1027519999999999,0.0743679999999999,-0.0,0.01184,-0.0
229,-0.0,-0.0,0.091944,-0.0,-0.0,-0.0,-0.0,0.0296879999999999,-0.0
230,-0.0,-0.0,-0.0,-0.0,0.1195520000000001,0.0624880000000001,-0.0,0.0305359999999998,-0.0
231,-0.0,0.153432,0.1094079999999999,-0.0,-0.0,-0.0,-0.0,0.0873599999999998,0.0436639999999999
232,0.0603599999999999,-0.0,-0.0,-0.0,-0.0,-0.0,-0.0,-0.0,-0.0
233,-0.0,-0.0,-0.0,0.035616,0.1176319999999999,0.047288,0.08152,-0.0,-0.0
234,0.0430319999999999,-0.0,0.03868,-0.0,0.1477919999999999,-0.0,-0.0,-0.0,0.011792
235,-0.0,0.026496,0.14188,-0.0,-0.0,0.0628239999999999,-0.0,0.0802879999999999,-0.0
236,-0.0,0.048272,-0.0,0.102408,-0.0,-0.0,-0.0,0.0112879999999999,0.0114959999999999
237,0.2191119999999999,0.05136,0.0718319999999999,-0.0,0.078408,-0.0,-0.0,0.017816,-0.0
238,-0.0,-0.0,-0.0,-0.0,-0.0,0.1738159999999999,0.0443679999999999,-0.0,0.0720400000000001
239,0.2625600000000001,0.005568,0.147696,-0.0,0.053112,-0.0,0.0036560000000001,-0.0,-0.0
240,-0.0,-0.0,-0.0,-0.0,0.021344,0.108608,-0.0,0.0620959999999999,0.019104
241,-0.0,0.0363279999999999,0.032216,-0.0,-0.0,0.0474000000000001,0.1511359999999999,0.08956,-0.0
242,-0.0,-0.0,-0.0,0.062608,-0.0,-0.0,0.01492,-0.0,0.0609679999999999
243,-0.0,-0.0,-0.0,-0.0,0.109992,0.1544000000000001,-0.0,0.0889999999999999,-0.0
244,-0.0,0.0452319999999999,0.01756,-0.0,0.0212879999999999,-0.0,0.1035759999999998,0.0209919999999999,-0.0
245,-0.0,0.0332159999999999,0.043568,-0.0,-0.0,-0.0,-0.0,0.0463679999999999,0.014736
246,-0.0,0.01584,-0.0,0.083952,0.191672,-0.0,0.0203999999999999,-0.0,0.000968
247,0.1185519999999999,-0.0,0.056456,-0.0,-0.0,-0.0,-0.0,0.077928,-0.0
248,0.2059439999999999,0.0210079999999999,-0.0,0.047808,-0.0,0.1959279999999998,0.010464,-0.0,0.0397119999999999
249,0.2874639999999999,0.0627919999999999,-0.0,-0.0,0.01696,-0.0,0.0932239999999999,0.024456,-0.0
250,-0.0,-0.0,0.1297760000000001,0.16724,0.023352,0.1626879999999999,-0.0,-0.0,0.0747999999999999
251,-0.0,-0.0,-0.0,-0.0,0.2139040000000001,-0.0,0.078904,0.1709119999999999,-0.0
252,-0.0,-0.0,0.0441599999999999,0.0236400000000001,0.05048,0.1068880000000001,0.0354080000000001,0.081792,0.046008
253,-0.0,0.0168639999999999,0.0070559999999999,-0.0,0.1703840000000001,0.049744,-0.0,-0.0,-0.0
254,-0.0,-0.0,0.10324,-0.0,-0.0,0.0367919999999999,0.0629839999999999,-0.0,0.0037199999999999
255,0.182096,-0.0,0.0028559999999999,-0.0,-0.0,-0.0,-0.0,0.061088,0.0519279999999999
256,-0.0,-0.0,-0.0,-0.0,-0.0,0.0855999999999999,-0.0,-0.0,-0.0
257,-0.0,-0.0,0.1590560000000001,-0.0,-0.0,-0.0,0.023176,0.0334080000000001,0.0474000000000001
258,0.142832,-0.0,-0.0,0.0536559999999999,-0.0,-0.0,0.0716719999999999,-0.0,0.0079359999999999
259,0.0896559999999999,0.1339999999999999,-0.0,-0.0,0.017624,0.1613519999999999,0.14724,0.2672799999999999,-0.0
260,-0.0,-0.0,-0.0,-0.0,0.004272,-0.0,-0.0,-0.0,-0.0
261,0.0485120000000001,-0.0,0.0021759999999999,0.1812640000000001,0.122112,-0.0,0.0156959999999999,-0.0,0.0345759999999999
262,-0.0,-0.0,-0.0,-0.0,0.0767039999999998,0.011368,0.0199199999999999,-0.0,-0.0
263,0.0461359999999999,-0.0,-0.0,0.00564,-0.0,-0.0,-0.0,-0.0,0.0236879999999999
264,-0.0,-0.0,-0.0,-0.0,-0.0,0.00536,0.171224,-0.0,-0.0
265,-0.0,-0.0,0.1335519999999999,-0.0,0.014456,-0.0,-0.0,-0.0,-0.0
266,-0.0,0.0139439999999999,0.027128,-0.0,-0.0,0.085072,-0.0,-0.0,0.0400720000000001
267,-0.0,-0.0,0.0115359999999999,0.0454399999999999,-0.0,-0.0,-0.0,-0.0,-0.0
268,0.087472,0.1107279999999999,-0.0,-0.0,0.059576,0.019552,0.007392,0.2825039999999998,-0.0
269,0.073288,-0.0,-0.0,0.0701199999999999,0.034912,-0.0,-0.0,-0.0,0.042856
270,-0.0,0.212464,0.1653359999999999,-0.0,-0.0,-0.0,0.144984,-0.0,-0.0
271,-0.0,0.116424,-0.0,0.055784,-0.0,0.0509440000000001,0.097072,0.3456399999999999,-0.0
272,0.0907599999999999,-0.0,-0.0,-0.0,0.0549520000000001,-0.0,0.010968,-0.0,0.0421599999999999
273,-0.0,0.174128,-0.0,0.0376319999999998,8.000000000008001e-05,0.149856,-0.0,0.0280959999999999,-0.0
274,-0.0,0.0434159999999999,-0.0,-0.0,0.0658639999999999,-0.0,-0.0,-0.0,0.0572719999999999
275,-0.0,0.0368319999999999,-0.0,0.0010399999999999,-0.0,-0.0,0.0361119999999999,-0.0,-0.0
276,-0.0,-0.0,0.0023839999999999,-0.0,-0.0,0.0024159999999999,0.000288,-0.0,0.0294639999999999
277,-0.0,-0.0,0.0055279999999999,0.090184,-0.0,-0.0,0.2499839999999999,0.024712,0.0035119999999999
278,-0.0,0.0778879999999999,0.053968,-0.0,0.0987359999999999,-0.0,0.12724,0.0941119999999999,-0.0
279,-0.0,-0.0,-0.0,-0.0,0.1247519999999999,-0.0,0.0511839999999998,-0.0,0.065368
280,-0.0,0.0586079999999999,-0.0,-0.0,0.0421279999999999,0.067576,-0.0,0.0354639999999999,-0.0
281,-0.0,-0.0,-0.0,-0.0,-0.0,0.0665839999999999,0.030944,0.0216959999999999,0.0265280000000001
282,-0.0,0.074024,0.037568,-0.0,-0.0,-0.0,-0.0,-0.0,0.000272
283,-0.0,0.1602479999999999,0.04512,0.047376,-0.0,0.2077759999999999,-0.0,-0.0,-0.0
284,-0.0,-0.0,0.1820399999999999,-0.0,0.108136,-0.0,-0.0,0.296864,0.005648
285,-0.0,-0.0,-0.0,0.1886160000000001,-0.0,0.012024,0.1157919999999999,0.149,-0.0
286,-0.0,-0.0,0.0696799999999999,-0.0,-0.0,0.0456,0.0323999999999999,0.027144,-0.0
287,-0.0,-0.0,-0.0,-0.0,0.13276,-0.0,-0.0,-0.0,0.0125440000000001
288,0.2122079999999999,-0.0,-0.0,-0.0,-0.0,0.0479519999999999,-0.0,0.054664,-0.0
289,-0.0,0.184056,0.081944,-0.0,-0.0,-0.0,-0.0,-0.0,0.0381679999999999
290,0.0050799999999999,-0.0,-0.0,-0.0,0.4057120000000001,0.090816,0.0034320000000001,0.124112,-0.0
291,0.0286079999999999,-0.0,0.1111519999999999,-0.0,-0.0,0.0711520000000001,-0.0,-0.0,-0.0
292,0.163888,0.016704,0.0150959999999999,-0.0,-0.0,-0.0,-0.0,-0.0,-0.0
293,-0.0,0.1160079999999998,-0.0,-0.0,0.059808,-0.0,0.116856,0.036432,-0.0
294,-0.0,-0.0,0.086624,-0.0,-0.0,0.1873199999999999,0.0048159999999999,-0.0,0.0470479999999999
295,-0.0,-0.0,0.286416,0.0907919999999999,0.0243040000000001,0.123712,-0.0,0.153944,0.004672
296,-0.0,-0.0,-0.0,0.167912,-0.0,-0.0,-0.0,-0.0,0.0043519999999999
297,0.1562000000000001,0.0121359999999999,-0.0,-0.0,0.1408,0.1211599999999999,-0.0,-0.0,-0.0
298,0.291144,-0.0,-0.0,0.0166319999999999,-0.0,-0.0,0.054616,-0.0,0.029112
299,-0.0,-0.0,-0.0,-0.0,-0.0,-0.0,-0.0,0.098152,-0.0
300,-0.0,-0.0,-0.0,0.01268,0.0172239999999999,0.035168,-0.0,0.047096,0.062904
301,0.2115679999999999,-0.0,-0.0,-0.0,0.0047680000000001,-0.0,0.0085759999999999,-0.0,-0.0
302,0.0418799999999999,0.1964319999999999,-0.0,-0.0,-0.0,0.0101759999999999,0.0075439999999999,-0.0,-0.0
303,-0.0,0.0512479999999999,-0.0,0.164752,0.0954079999999999,0.109296,-0.0,0.126832,0.0058
304,-0.0,-0.0,-0.0,0.0998479999999999,-0.0,-0.0,0.1777120000000001,-0.0,0.0654079999999999
305,-0.0,-0.0,-0.0,-0.0,-0.0,-0.0,-0.0,-0.0,-0.0
