n_policy,pack_PPO_LunarLanderContinuous1_100,pack_PPO_LunarLanderContinuous3_100,pack_PPO_LunarLanderContinuous4_100,pack_PPO_LunarLanderContinuous5_100,pack_PPO_LunarLanderContinuous6_100,pack_PPO_LunarLanderContinuous7_100,pack_PPO_LunarLanderContinuous8_100,pack_PPO_LunarLanderContinuous9_100,pack_PPO_LunarLanderContinuous10_100,pack_PPO_LunarLanderContinuous11_100,pack_PPO_LunarLanderContinuous12_100,pack_PPO_LunarLanderContinuous13_100,pack_PPO_LunarLanderContinuous14_100,pack_PPO_LunarLanderContinuous15_100,pack_PPO_LunarLanderContinuous16_100,pack_PPO_LunarLanderContinuous17_100,pack_PPO_LunarLanderContinuous18_100,pack_PPO_LunarLanderContinuous19_100,pack_PPO_LunarLanderContinuous20_100,pack_PPO_LunarLanderContinuous21_100
0,-260.0519235844352,-251.58513525707704,-210.77042483341648,-235.856468089509,-242.9348242149863,-247.04876663595817,-224.7017454203408,-253.0310406442912,-269.67428249573334,-243.2853314107756,-257.6470329073863,-247.6114519226469,-270.6605086587305,-252.9686519317688,-244.39832216975512,-251.7192114040332,-266.8141048254719,-231.2410839238725,-240.93630901767463,-269.84682181463256
1,-179.30585576412878,-198.84946771198344,-185.90224041345647,-176.90072296225816,-211.2118635240712,-215.1402998171617,-199.07085502756613,-215.60382694692163,-203.11897445181395,-206.02733061428745,-213.59838702137264,-203.8065440223916,-179.97713577664297,-211.06870507859168,-219.1662729191181,-189.45762878290552,-202.4608507563419,-178.4500354694054,-196.9427064381972,-179.52550352659105
2,-136.3096723786574,-154.75843985441227,-163.2929255029533,-129.3341097058941,-177.64710134136402,-173.99619873399325,-164.30322938407144,-191.53047014653865,-143.9763230202342,-163.20003934912037,-147.83151289933332,-159.23700478143124,-141.32582473548158,-154.15150858868572,-167.76111070214742,-160.30604890566232,-137.9265643272671,-167.7940555399825,-147.13206865496642,-158.03796579805245
3,-131.3993201512289,-127.15981675562676,-118.40756829163846,-144.19939030262765,-124.55010655807271,-111.87303027634132,-150.041184987184,-158.9907436331251,-127.53672355277617,-147.2452290361797,-135.35368932953278,-129.35293904186662,-110.39195889798546,-130.4265497638578,-151.13978694134508,-143.20701437367504,-131.14793246893416,-120.463421820378,-97.95044909560616,-183.61555519929664
4,-134.19892361998254,-98.52102456077937,-94.87761693537614,-93.80511198316512,-91.78685102194328,-98.18669282246644,-94.71094228341792,-104.34102184747752,-78.20520267321132,-144.39530810562198,-95.63289110983897,-98.4329872671293,-90.94548066695803,-81.30788614062942,-106.3150806445122,-99.0406264773861,-136.91408615684497,-93.35832500336386,-79.60168364430429,-133.39578918315908
5,-93.04073640299497,-80.27383822246331,-76.5444447824583,-67.2034602854,-67.0542137300426,-73.2800693367557,-70.17394767118225,-85.38445532855265,-61.81083633549424,-100.41947022973936,-61.0785807052726,-67.03802902200836,-74.39623374897201,-73.8353400082016,-74.91748220532737,-102.96248294406485,-98.48600294840638,-66.1979252432812,-66.37391773944437,-107.65977632683334
6,-71.3940050744509,-71.83453600973066,-48.223929635892894,-47.82213482034168,-51.0928717057794,-48.64517921506238,-52.74077317131552,-65.38662788954666,-50.136144191294186,-63.91951274493367,-48.11267763793323,-53.11475355857751,-52.15074177063391,-67.18528663958892,-61.15868159641599,-72.19879196915757,-52.97487785412028,-51.96282737505651,-55.058979396871294,-73.1420413723301
7,-54.053743909462646,-50.37139354177576,-38.8168000981814,-36.47342636797126,-39.28199114114293,-27.97409018695588,-34.641854697056694,-49.92250490637554,-33.53702307577085,-50.56373110011045,-35.619003975895176,-44.505270395248665,-38.24801274961938,-40.52787355462699,-43.40659574188106,-53.41962403500977,-50.85981997503382,-28.244896574685555,-42.50994247518218,-63.75561597525608
8,-32.1416996223075,-42.18207409981449,-30.64310023509024,-25.87988046362632,-22.117996285054325,-24.79328574937386,-18.72154299224596,-32.136811903288475,-21.68927177013364,-37.43563281618379,-20.36267308143462,-42.42155049177847,-35.47173289934202,-22.725495998957484,-38.19108916972517,-45.62257790376199,-37.41724016876047,-20.809339376861463,-20.597158214912053,-48.53072542545473
9,-25.58309845007083,-31.658762439955098,-18.164779373297787,-18.520391723498616,-19.0256951996444,-22.89807082563304,-11.137423050710533,-24.27064384655765,-7.755714395328396,-24.14179258050252,-11.178080586925752,-18.706582583899145,-16.87614171738489,-13.39350916605541,-22.57856082537197,-34.615083273945785,-16.17382535286044,-19.90722148541594,-14.18122158948274,-30.39495706922171
10,-10.471991715293807,-16.575809887063805,-24.489539563472643,-11.552970814208674,-7.082833902468846,-20.465305283620328,-7.640991063589899,-15.17257569754416,4.2156266356930425,-13.34065762129554,-4.573142266050272,-17.20978605909106,-12.647432093879909,-9.354396372826413,-7.84535649264064,-28.30648121110088,-15.976900149446156,-10.322428844155947,-9.498675788318396,-13.618603845549517
11,-7.448632180691347,-9.031084378339584,-17.90576479622512,-15.66371744115444,-6.684093269413279,-11.857203029198429,-0.6076660312844979,-9.408271210131351,9.80238391050414,-6.868634297921672,0.6010010366236384,-11.838310145106515,-8.937075422183844,-3.421295196722931,5.72166393976142,-22.4677973399486,-5.797973924481557,-12.84175740551349,-1.0478537472711105,-9.093874229619832
12,-9.949615608502064,-7.229811646417947,-2.968693689710636,-13.373487297406973,3.1048168408265338,-6.133478499772391,5.997141441249841,-13.894065522696913,12.0168065638961,0.5920671788224899,7.694226711074006,-11.702273724045224,2.5501444585154784,1.5106696205461048,12.512505625814446,-14.321407438487514,-2.2906446395844977,-13.282414429031824,-1.1082739935534849,-0.7462148074086872
13,-9.967326342962478,-4.211752474604436,6.212608138893557,-3.431027312264778,0.7816357239690842,2.1286671915833724,17.91275844252479,-7.757644711401554,10.558277399201252,9.93597941750917,9.580148772766552,-11.263807675354728,3.8715710107471386,0.699848909675493,20.783516011840085,-5.87995490349258,-4.113316017753895,-18.43399457635537,14.635206929541091,5.988425373573318
14,-8.441191115318798,-1.5572186015126137,15.303964303428511,3.004726769255321,4.882057192033972,8.960979910886527,21.41057055031924,-3.8212678959189,14.05769548079268,22.032953605862787,12.628910672744675,-15.01650777758343,4.401081889146189,8.444335887893935,23.70427190346879,-4.385476768134649,-8.225510751800392,-19.325999250828463,21.570937276424303,8.166021981950088
15,-2.425021298739448,0.8273827960820563,13.587129494037727,-1.3413491518891896,4.296706662159704,12.823847240217146,34.218882034459746,3.899412006603616,20.94282248402091,25.156676039841383,23.543213526523378,-15.293969146833987,10.559321767981928,6.615715087027724,28.39882413430688,-9.92549811467601,-7.265952532850279,-23.45620761395188,27.987630196195024,13.891830429859493
16,5.02582340841298,9.930188408595969,19.291159232221325,-0.3822992686587168,16.01652137557663,12.153745308130055,40.20342207426096,5.008662164516954,28.6737139613157,29.238048170684834,36.79204609615588,-8.462836574466127,16.57010142134404,1.3608893213175952,36.73326291165309,-7.923283988770418,-16.225218991861695,-19.39867867146492,38.76837700040298,26.316050319865937
17,9.147234591754822,11.414496821470566,23.987823653551978,1.4073225731254206,14.515480030478866,14.876292948807276,40.687231844518536,16.617411380024443,36.081346858444846,28.3042873035911,41.40420173648953,4.401432359046157,23.03495690747426,-2.6242314949277854,48.46793166542568,-8.373165771411005,-17.882044291974818,-17.691326875611594,47.73341553468741,29.22741918434578
18,17.15463370182668,26.01724104472457,30.3413776446367,8.368165630563071,16.23984296944349,20.792029358798573,48.18288329944491,14.964341806286738,47.50040698343417,30.763837118004886,53.41954170161544,7.015869898903839,25.3780608096846,0.8921498345111377,56.53049870088147,-9.108261292089884,-7.896010490772096,-9.637803680822834,61.515870250642365,30.65656201933598
19,23.776505496268506,31.7169840693628,41.29438600790967,24.46841393647768,22.140403126086383,24.93246962619778,54.0124187569848,27.792216863117684,56.717753695037466,32.716375862698115,56.44248617945232,9.05027152579969,30.19927898939974,5.0897552382965205,63.78101876154888,0.1737662886400358,0.5858668218507546,-2.2971954019494296,73.66427567870608,31.93284475502129
20,30.04112900626321,43.976190289257936,50.22959085048406,34.53167378490087,22.745798391932585,33.235381934178925,56.01481677646493,34.99616942158038,67.07017764951107,35.817032906759266,61.20430949099915,11.105183322607626,37.960588422086495,17.080393743661087,74.43945877989933,12.192968127988278,17.10130778342605,-8.48256708429682,82.2296201568908,35.893458430314205
21,35.84464185787357,62.670504349427645,56.069267453198336,42.424508701497054,25.740316175845763,36.83341414105264,67.96042681111108,47.42616962580385,81.62099358021378,42.47703751830086,64.86869764597076,15.926110128738232,44.18365796415956,32.310003968956565,78.36377735529454,20.743171538415336,30.889172419948768,0.9496138652385752,91.45138656910356,44.16463495070479
22,44.42786669844066,69.23186055766162,70.74169878738805,53.27901585664365,27.9147561906746,45.53101640779118,80.6013541373415,48.48491691195424,91.96270473230284,53.4909062441025,70.69130901596735,27.37637011811377,56.65715047669976,45.73854071370637,83.96058310974863,28.04952375952925,37.89777092887746,6.118476577627884,97.67918462448888,43.398561037237016
23,53.54341657633918,77.408287986274,84.05321813898213,61.18623691687255,26.689635648091866,49.44578092962442,87.32906496570857,59.15981665784926,99.6254389684854,66.27386251908246,77.09738000498176,30.81695206834665,61.98452956841138,51.048020368342925,84.55864057888431,30.927971064741868,46.16756502239979,6.988312076487132,98.1059368850105,45.81442192852264
24,62.15487989727753,84.6015156596219,87.65116325528088,60.19537346693067,29.55553901057961,55.70228729974608,91.47134696640131,67.8161903212318,105.75601881920376,76.28459161795085,87.14803859268093,37.14801300794093,67.41890642909402,64.46724994869719,88.84583189104548,30.077996362806445,57.86536823788898,14.030012297708168,101.5363248792883,47.90118321400132
25,73.0682264990926,91.68745615399204,97.28683307761926,66.76966027051424,33.04107911596411,61.926194735952265,102.76161777073338,74.70037054960096,108.40114179460994,87.16607813853462,90.21019228005729,48.19275873017224,78.45744823002113,74.0332717186538,87.07541371902606,28.111608535790072,62.21247178408601,31.67487095431992,102.23147016865074,52.0186723204744
26,80.40375286709249,95.88779590578416,105.9741145498966,70.80195261564211,37.11581377234548,74.41609379774579,105.94800711900952,69.54341725238072,109.28079507592072,100.27272204434696,102.44547097424552,54.83144611060654,85.94937947444677,75.6137185378979,90.76890731507274,32.153543987821216,68.5563610553226,38.00155564643472,107.1338109106464,64.74428466734163
27,85.4930380946996,96.36795401487602,108.0982962388987,77.28801468239868,40.40144337792916,79.95873990256378,112.17790451840084,69.59089579163887,113.02861223648895,109.1281985257729,111.91079173267732,65.38064409668854,87.19508521990117,82.69762938390774,95.43328524894233,48.64919899165103,73.59493564618137,45.49114748808206,116.87854302300478,71.53126364306125
28,86.67509691692149,96.6551779590038,112.23466064382391,80.41118880984999,47.66331481453397,90.99026495190628,116.27207608043622,75.0522563997399,117.67232252388057,111.05738878838636,112.77759679980409,73.54054651384759,90.58779267005652,90.32861096282484,100.68735422687118,57.48591211874811,80.54348502214768,55.02876330280496,123.68333312417744,73.85572576427089
29,90.0153132924119,97.87605782451766,111.293543628064,84.40992107723672,56.8451701294666,98.97876027171895,119.38454380446278,76.81000571670751,122.49126565930142,111.85974308081524,114.8089033071444,76.51526219322439,93.11739740035968,95.3662006356652,106.29344922674107,67.90796861815517,82.496798513182,57.59926592475445,124.63810374288629,73.5690396119487
30,91.96501797387756,102.17890864958204,113.82584810032397,92.90040168246364,68.94704978167833,105.83758772097364,116.95039059103082,80.30180342004944,128.7126548796615,117.81091378001196,115.72344621793836,83.53266021045214,99.8742287233879,101.31850919040426,110.76920036603236,81.38949828008047,83.99957482941677,63.91791989532268,131.86680219074788,75.08012912841156
31,95.67131973798531,100.58660262972148,114.4446514567603,96.0584333254576,72.26087433762146,105.78688766342844,121.0758366758886,94.58495933393812,134.49574574479283,120.25206812123018,118.09417031363456,94.57755634253884,99.66470434128684,99.96479513193844,118.6816719749827,89.33041561531128,86.88438185433493,71.27706726874922,133.82104375885848,75.31521391603371
32,98.79207155459451,111.32853106504638,114.54515293254184,100.66499456868628,73.14358841968736,111.4072239364678,121.64712839919052,104.00404232311548,138.05881598940735,122.0848669983806,123.69891026717654,92.5578202202912,104.80432468610024,106.256054902564,123.5758476218138,92.84544750288936,88.09072720411774,77.98795944377554,137.6333668575352,80.33110482589905
33,105.54169801839409,119.06447563990528,115.4636617882728,105.80255640555748,73.89469735059843,112.4226144820877,125.4996486795236,110.50184242057122,139.22004334938495,123.34829324466752,124.31658533248095,99.9975448291401,106.33724602417138,106.86114962077012,128.84471341889753,94.49433425266146,94.74156934468816,84.49691087975673,142.88000744063748,85.9863330449257
34,106.9702587130686,117.3347391322012,116.8105073544696,106.79500409473847,78.70577637147326,116.58818627969804,125.54170336767004,115.49701746701191,142.87235472118104,125.47862918596736,127.6419692130381,103.99566849340454,116.4825532554583,108.41763470724332,130.81095489811472,89.736971371541,97.3967473115751,93.17995823689108,144.61834415358274,91.36027919889682
35,109.91834434227124,117.95465165002204,118.86595410525246,106.18352905219191,79.51641130193075,121.34023049673138,126.87576934830366,121.76964381306878,145.29364117618118,128.68251458099306,129.52505775601878,109.44356479697257,118.04287673901494,106.55267122009067,133.5840512782446,91.0189188120552,103.55018515520212,99.74910737551616,144.9509804720076,93.94221824257572
36,113.80537549040042,121.48195185812,117.56743786391714,106.69254307526698,81.60230100086606,122.54210105728323,129.68736375863523,122.7614342836764,144.8410849858174,129.77842019153258,133.0646849860099,113.17506155821368,123.02449913909376,111.09466619604358,134.21730704826518,83.22848837512731,105.6106561308372,105.0744269803214,142.86576499837295,104.162098285723
37,117.08685758786336,115.6441730945,118.07138892875712,108.12462093561288,84.67745605015826,128.1152968770673,134.5616135867016,122.56477055155102,145.46842624139953,131.93189332348888,132.90457776828833,116.52267245981336,127.97262584667357,112.50924238597702,137.34701285684815,79.70816318163986,105.78644626196456,107.90891275710555,138.9710242495611,108.95571060394396
38,120.77852125979854,114.00001141477031,120.11067333714408,107.2378781935886,89.63418242343458,133.4637567528675,137.4045648096285,122.40357548549063,146.64758378688373,130.45431376560046,129.5375641670808,117.19193765537874,132.40927221484253,110.5020032096986,140.63781587533668,83.20967544382673,106.20119636051771,108.39096712326024,137.94576959183053,116.651846911445
39,119.0244100372364,112.17185403511994,117.65454477791404,111.15740093646302,94.18024444859572,137.69196186028057,139.1463549480983,124.28053492552657,147.03846330394393,130.22759743741776,128.93448964331853,118.82872188996662,137.63502832995536,113.54705688796406,141.3422880122532,85.59876628161477,104.39098074559828,108.55518759574912,134.93503323087393,121.96322219159666
40,123.79308627484468,114.79174612376234,119.91819384997152,120.11072257033976,97.24375256677926,135.38958197618308,143.21297457719945,126.1769919244793,141.34433823487038,132.8224214567226,127.49831664163612,127.24999538342226,138.27438719910717,117.10142786740944,141.54735731516251,88.15593905790416,100.8128932021904,105.81948711498708,131.4611942841055,124.64250460497196
41,125.05927536234144,114.3745629989835,123.16284769258702,126.2399766336253,100.20173245047064,132.5207482138783,145.6873818962424,128.25238403169874,142.84045874795876,132.97850967780968,126.59244928960408,129.09155744637633,141.45396914718577,119.9395828777611,142.96581100663204,87.98862732171341,97.3214853426894,107.57769123904662,128.31224938137703,123.794773151124
42,126.88521530643848,112.14430074593488,124.5349799415798,131.26967678594133,105.65840280611962,132.895599978421,149.23524445557476,131.9173350777937,140.60364739976976,135.25275556716818,132.88034187857232,131.29585722252526,143.87972975299854,125.947342145113,144.49883269415977,95.6676543256063,97.91402920763925,110.23866121794563,128.85405509138818,122.63106449101024
43,126.2253629221764,113.0829635260054,123.14356192720255,137.72827888095856,111.08746922799304,126.76571797997596,149.4219180668816,134.85776075058072,139.497892863196,136.19057917960305,132.61865289997385,139.10154424139353,146.43360598567364,130.7487673550236,141.78259235380713,99.25910088538224,95.86823233427502,113.74313123368717,130.91563899223522,124.40046037146716
44,121.8566881180126,113.13271774529343,125.55704718221688,141.47518298719098,114.72022999004862,120.31216641070873,152.03077170706524,138.64889535193203,141.8651846068688,140.8887240848621,132.72117379320468,142.67349920342338,144.90997153487982,134.25679979445414,141.9180208970693,101.2519595307051,96.00060267124708,116.8801730002946,131.27763399715104,127.04865510161204
45,123.95999572390748,116.60247483240408,126.85474005933656,143.33263874474852,119.51116501652729,126.29659092392076,151.04070019954085,143.50954850692335,145.08752149070267,141.9677307301489,134.07915600844248,144.98925532010344,145.66702313560626,137.36745860621755,144.19996498346447,102.18859704225844,94.89758888707948,123.31845207849048,131.28045040500268,127.98934032598136
46,123.61245703625204,120.9339425298167,127.7790623352144,143.75849419913874,124.40540246029616,129.75064810192666,150.65701222589442,144.8441753289072,145.15376947014033,144.12391011348308,133.62243250244018,143.45710442804608,146.09693259802725,137.26075485196918,144.37111604327353,107.897144176734,98.70575076260302,125.36739849430072,138.11886150241827,127.0988539838483
47,126.08945718085216,117.94763870976077,127.81627731623485,147.7158270226668,128.300103342577,131.18671476047285,152.35056157529172,146.23562651021453,142.90845004938737,144.93879484023958,131.73203463250155,138.79261539308948,148.35099055222926,135.2193816793665,143.50306279249352,111.60643777797812,102.10734172302008,124.799444146981,141.10445817210763,130.4643189823248
48,126.53627975434988,125.63939406082072,130.0231000066233,143.33495930387016,131.12779570633916,139.83964235059688,153.3167962126303,145.18258700871272,148.38703311224782,141.89363308407158,129.9871854781207,132.39667212154598,148.6032715547465,132.26823122756517,142.09886544027165,113.14381643928402,107.16331192857986,125.89156471593532,140.58578395598587,130.0926568090097
49,128.2919616788469,128.07585917266977,132.56582981420826,144.5109306073565,133.75669894615802,143.14066469766067,153.7287430605182,145.70614778210793,145.8695822605481,139.7245261829063,130.81822995900544,130.0770953803981,149.19096020633876,129.43626637832068,142.75296655239032,109.0009799655314,111.33234774218958,129.21259498922623,144.6247214448332,129.97079145417428
50,134.79849554049636,130.14733210059788,132.7621004847302,145.68673840310873,136.3612189570833,150.68278350686822,152.88770785580712,147.4726586778497,144.07112577658964,140.47030448769456,132.00855667450395,130.0634383260235,151.73473039393463,129.08355120465862,143.0540654029393,111.529797915962,113.08834323591093,131.61334089129363,145.33528808782748,135.78789240915324
51,135.5777288809184,129.57175956559982,131.33296950915803,145.2289964723781,136.74904688275947,148.47792314778067,151.77369785830962,147.16931388905837,144.9405712030208,138.52820221815827,126.02681790225098,130.44451351677662,149.98269903571443,131.44611514811305,148.001665439006,111.7957805190371,118.08118060710464,130.54154574102515,144.23461093196008,140.9931809104008
52,135.72147537004508,130.32734868904197,129.16903348586163,145.54013401730134,136.98603958916647,146.98129378115812,154.24686579492655,149.1728494679818,148.3832095970272,138.7363957640382,130.99799954697974,132.9811230987941,149.8500195349511,133.19946806857075,147.6476407320206,115.54635652427284,121.29188924836537,135.17874652916942,143.4947633204527,142.77177262394838
53,138.15530690983343,133.47182698007208,127.34854164335808,146.40686964492247,137.44274616279273,145.48289264829418,153.82345796511362,151.35690777803484,145.75028421931975,139.66194368203483,132.58741546475525,135.01205910650884,145.448756481001,136.1414421606997,140.88747902618218,120.93230017154288,121.63433410752864,140.41770000353375,147.55503519367613,143.51102068016712
54,136.92917802120525,132.32281139034788,126.31926561704392,144.77888738164253,137.32925730325795,142.84093029380048,152.92755559066674,154.23010242038038,141.24960352988717,139.98084124337228,134.8991448025579,132.96164782384173,147.04573264971322,140.25838937684514,138.06795008988777,125.49200246347478,124.25531132226364,143.03415262708552,148.71196631028928,147.6623456053532
55,133.99056036583323,133.91273368250805,127.81181448760898,142.9252987777836,139.74031734610696,143.7410593751025,152.5023684919777,155.7726919290704,140.7305102625055,138.89413443317932,133.80035187815687,132.7755581252225,144.36753212012525,144.94867942612834,137.6263084964428,128.16220983510505,126.53604395479748,139.9547686675992,147.60425249492954,149.13139364160295
56,134.63692014090313,135.14922588551465,127.80826685469178,143.2555344269191,141.32597349777953,141.29794055555084,154.07537052155058,153.52692803035453,139.43713847858737,140.81627909924933,138.78671498121238,133.3811559044119,145.7655531516029,145.72833258891094,137.53802732727482,130.45121239073,128.6434938146944,140.29670735482952,150.91615191398563,150.21477510165087
57,135.42709410135924,136.05174691344592,131.18163334885006,140.26965272111067,142.4168418264851,143.1121327933649,149.95086496995498,155.98424701858676,138.65579869008957,145.29036733096066,142.80765901606617,135.513869716991,146.2182646448122,147.31769766165496,137.04717631032335,135.33789301889612,126.90362920549389,138.13651744314558,151.36742473731923,152.82412546177852
58,131.70027051907837,138.4350371584731,133.53171435325385,133.4310993569245,146.03655438276047,145.4359232539825,140.0205057680576,154.56421725912315,136.81235210064494,141.409430291916,144.62310780297307,138.88671388766343,146.20981795442313,150.47145148639618,144.0511876349891,134.32760073266562,127.89410384078988,137.6792076993569,151.0347099339657,155.33291316148382
59,134.0163483460315,141.42100360100548,136.26028790363557,133.1810379346632,147.33480673911745,145.89771056987288,136.0099979754459,151.5426817798789,139.29341709652337,145.67906401146607,144.54138261376292,144.10965767019397,148.88812664362268,147.22979508340012,150.9918672776633,136.7443309093866,129.84138679451445,136.0859013760213,149.04933799552066,157.4853230464986
60,139.3057811805518,141.68985692555594,137.75818635734785,137.0604553529805,149.95776783095397,137.55860552726736,134.3059884621966,148.0265795031123,140.073746628035,148.0068346958664,145.2433639370951,139.54878935384966,148.46000487230006,145.34275099145898,154.40842214768492,142.04308230015656,130.46705156341162,129.3235815072915,150.332263438607,156.61563650998866
61,142.33621220736302,143.072395555776,137.83443515903548,137.58701557720786,147.6257878959586,138.2679194098249,137.35969532955082,145.00751608116445,142.87373893508592,150.09086383620436,147.28847609065116,140.01134299100556,150.70808332215418,144.5388228089866,155.10599710045983,144.86075213204523,133.79768691155144,130.6653055868797,148.4118193723114,153.33417056160633
62,143.3005427085327,143.14533689116735,134.2427436525665,137.9247772281718,146.56664979421842,138.9134576975929,138.2008944226886,145.91569200151577,145.17734074724171,145.511134277739,146.5678369652777,143.144381615555,152.151028383635,144.96399977196776,155.60244678836662,146.9725147323957,133.24898082143233,127.35869931777066,147.48716981187957,153.08604636780518
63,143.9118646773077,144.51892445405835,137.31615537160403,141.80917159503002,143.32572727498254,136.9447796183302,141.6781372673356,144.68285013650365,140.83605668059795,146.9904794412896,148.31931177759796,142.95669392430432,154.5939502458105,145.36522015521732,152.7728994412413,147.83949096812833,136.25678269840645,125.13380348960632,145.5430618527188,150.57800696181067
64,148.57787635080825,143.1037343924825,137.97993803845804,145.5326627977478,142.24795661037774,135.7652769857078,142.40976780265072,144.1781114011374,141.52734927032586,150.4383457016583,148.72252849146545,138.23608791603965,158.09307686178437,144.88662470532006,148.23645980577848,150.40799100658245,134.09482954990756,129.37076945582123,143.4048851144727,152.13372919551847
65,150.22569880282637,142.4090380076032,138.4658942337914,146.26555380611595,139.0720855718728,142.89053484812953,140.9233418416949,146.93948204897288,144.17763157700563,142.72078281202192,150.47489001225466,140.37727002234158,160.62832814619748,142.42148535475147,147.74720184637482,151.71367221326315,134.73419684340928,131.52836160329082,142.12444017366334,151.45227849882792
66,150.05636337965325,142.50106059323974,138.4437919256959,145.58552720527211,140.7703634570921,145.68369774543015,136.86692654573173,147.2527962210956,143.03912553863145,143.22703493761367,151.5101207406902,139.5499186645163,162.78769763414272,139.0470195757025,145.32037486724883,150.94366368876044,136.99282304600155,131.24849645932457,141.26547594647474,151.90315359315835
67,149.2908021373545,144.40728868910003,137.88749516034375,144.5858188577055,141.35635090944973,143.79085433151667,141.0507886528791,149.2201002753578,142.18342647606264,142.8401230576505,153.05339421641528,141.99567707114184,162.6349736790846,139.9181843795054,144.15266233543886,152.70894558873545,134.28597203742288,130.5890596278314,144.20039791701691,152.83101888896886
68,151.83718203229404,146.3973983074995,140.04946587497523,144.7290272775541,141.71493245977214,145.3228269799669,142.45843908704362,148.53337963802645,146.63764095496973,144.97306598832543,151.406579600212,139.7731042171812,162.87136566879843,140.02483368873237,141.60049800865855,151.76919876665357,136.1591086015436,134.32821560412285,144.81477364177627,153.63917567856757
69,154.23345409767632,145.5011230239727,139.27712651713816,143.42119922183355,147.47356408005416,146.25660474724182,145.4658935094694,146.34612866892766,150.8327958224273,141.59834779473078,148.45427334024612,137.42586056173477,162.21709567655387,140.06429685045418,143.30896358874026,153.30684646682937,138.7768893950871,135.15765650239746,147.75543015720285,155.93463345054894
70,153.55796095977655,147.9338845008431,137.96871848372345,142.4487874000068,148.2880184342316,145.78799195887115,149.89602393237135,145.0042996068387,152.0559797443271,141.8565800516795,151.20565390628062,140.7012673776993,162.93970319575266,146.77555651934588,147.7121259069973,151.93982135138555,138.1717183152146,129.80595814621714,149.5080494121989,151.59902656990897
71,150.14856263321485,147.9486890328261,141.79535977042045,141.74915795366894,150.14458828008625,145.42548403647757,156.81093002709423,140.3087292517999,151.3174116095951,144.74262967857564,152.42876197014093,141.78220359231716,159.7161640431862,143.30073344017538,149.49046037471476,153.83501160745732,137.93730137799506,135.34764073296148,150.69769563172238,150.94895493469485
72,150.32343894751716,147.68996497826532,142.5203042295386,139.4443629692085,151.43264963954076,145.73993068269982,155.80651652027302,143.7803147648849,149.2764877450231,141.9328067401744,151.41324512609387,142.4470311821923,158.73398095405818,145.85610725282456,152.68243606445097,153.27087387080846,138.45788755267796,138.1079262001989,150.93553602393692,151.99750569866876
73,149.25919436577672,146.63973160946568,144.36344013473433,138.19210748973182,150.6936129766758,151.27940573487595,157.21721489551726,137.33582850662916,148.02547022770293,143.27835834026456,151.24773099531697,143.83637516473573,158.5361554632192,149.2727038269678,157.52170618001583,151.78807421429235,138.59025848352186,140.85601096785297,149.4894077227118,152.4562545023646
74,149.94067428555172,144.6090263176425,144.49414355294476,136.24443009658188,151.8550257599659,152.7281880985104,156.38414733993753,131.6956443709006,149.37763261111127,146.60546008370747,154.73375783745774,146.07811335159968,158.75130019032895,146.61840722158067,158.2726345080365,151.02528130249786,134.61068355461862,139.7876259513883,148.22794141109887,153.6711616737012
75,151.16791091902402,140.41111218892829,147.58676349760702,138.37076100030174,153.43286601033603,153.70201601457836,155.1228107808994,127.62704387542698,148.28223800892164,147.1771510393976,156.57186920213385,149.5512073742824,158.88826403822355,147.05623281093855,157.7700996861505,149.2236390193949,134.71984130303838,141.89693197297208,151.72464369180733,153.59223862591222
76,153.3291916321779,143.00865533143318,148.8341574249693,141.33311234664998,153.58109702939183,152.53031986562894,154.15390546853678,128.9885466421343,150.92992631961118,148.57295302929452,152.9767390450908,150.3118660559635,157.7167649034262,147.9642482867833,156.71244971754274,151.054075416345,131.72703420268988,145.05726502232494,150.69891638173007,153.9428244184611
77,156.098159105248,142.52919017914988,146.75868621317713,146.31659669253165,153.86953028425668,155.2573521177611,153.92755479469758,130.99600927951363,150.37230689093636,151.76416485006402,152.42609466873833,149.25177624670567,159.95517399996075,148.37261578337663,153.6371642183634,147.67779846958908,130.64290328063905,145.41348150738747,153.84407127103657,153.1752824988065
78,153.05364276021106,143.24565261714488,146.29395212150732,145.47023804756358,155.92125149189087,154.00973814456904,152.51240362384584,133.17179869891305,151.63689848331614,152.44015387155028,150.1554160370655,150.22253652307833,158.844369338863,144.07353337735304,152.74309593086045,149.67921053823318,132.9376997589026,143.3188712364594,152.57162509507367,153.79748134340858
79,155.61112961261173,147.1866995910642,143.72936727369418,149.96894675841858,160.40326681832835,151.5425689551507,149.6052576849371,143.18306227389073,155.13080281828366,153.70191785299423,151.2999462330424,145.38069238844278,159.16238197535364,140.38275913631608,153.97209912318252,150.640861224587,135.27554351938917,140.66744852395385,150.8562842831993,154.80172934360144
80,148.74763577775147,144.53667581944944,145.67467279747362,152.50926212575902,160.29474599612166,152.53451544214644,150.22218057908512,144.16724053578116,157.30154873697472,153.49423051900976,150.64845270720372,146.4834011721113,156.81816481584394,139.92800199862447,154.32886926818455,149.73135790118934,141.76199399947782,140.97982379238567,151.9519979408542,157.9668694793603
81,141.8411268581045,145.77051451061357,145.8273719508669,152.73814467770765,159.10059798793463,151.19479832643796,149.63306346575587,149.44558752473466,160.4078989702195,153.51818520552362,154.571862165329,144.0875349995718,156.5683272051948,136.5516219451424,157.66334344167842,148.510715851184,145.71991536196995,138.23877551122533,153.1277274927398,160.2923272646558
82,135.36200869943465,143.42260473012834,145.17056746859896,152.71218381735227,161.53226588361628,151.00480892154195,150.033871005942,152.57878946398193,160.17240585834148,155.72336910645546,151.87240370834556,142.679155359761,156.72960445031848,140.71245781931194,160.69771505163482,146.34669382478802,149.02991613442526,140.57878401852383,151.68581357529013,162.09706827875956
83,131.39284800022267,145.78400950224832,142.54400160819287,156.5432241700202,161.23507970033126,149.10037270195642,152.33010868729275,153.4431376596633,160.18939633170078,157.1511539751551,154.06855595319288,144.15212748107558,156.32423162816968,145.10582499404728,159.10085313713168,147.10589417016914,150.25396826263776,140.74041655396803,153.28286323028897,163.13349201922577
84,127.68148502703978,142.81817143605468,145.2920618494066,155.78378769867157,158.88469292998013,148.948168077496,155.73372646787544,153.23554369790617,159.4975238370028,159.5273616929768,156.24754743698904,145.18408598966963,158.39953116172836,148.85106050657075,154.7532619910614,145.26899631094503,148.4663337580102,145.4666125386224,153.44715955561608,162.16111536638084
85,127.97186764205983,145.2222716581363,147.24067012210756,156.82836682961246,154.94699734931652,151.44762766474813,157.32190927535737,154.78951236426437,157.57631822106285,160.27885724865283,156.48372063920007,147.68162136796158,156.0980240501058,149.52929260937327,154.09760266901492,145.32558074951726,147.0443004544367,148.7764843820039,151.93212218268727,159.74146966733198
86,123.04313850966246,143.66390771648318,145.3612682346321,158.3821938839083,156.12487816914685,147.94694890479212,158.04613765787155,156.38651998115773,155.16719313082098,161.4969562815607,157.73430796636924,154.25726078828794,156.2138632181658,146.33925007057078,151.9128230682727,147.93037121033,147.0951277889357,151.16913395656064,147.98020640602445,156.75266138862145
87,127.53027727069087,142.3505472724678,147.32225677267465,158.03838793967586,155.1261551510786,149.22733780296082,163.51363386515553,156.94638057848508,154.3401328141766,161.83326758336648,158.50047881541457,156.52314058720174,157.30455261885652,151.492004577978,150.71619916704682,148.32843784764043,147.00027229117327,150.0342496177513,149.04533444121148,159.31197496336523
88,132.35482568987976,139.57889825583732,146.50471398223684,158.7074010707357,151.89173029415318,151.9932274586018,161.0107293082543,158.93060279273098,153.13728740850834,160.86505878981225,162.1167947874111,153.49484226921297,158.2011825744732,151.56957595372384,146.77989042389498,149.9803356521345,146.46560691936267,150.01109565537882,155.29036652233123,160.77409933858587
89,132.5173891029971,139.03641964028847,148.20953252301953,158.44472363383292,154.79372164513418,152.65044638786415,161.87978965365477,160.27766317223396,148.88392699257673,162.18113821932803,156.9490127060125,153.24814665165567,156.35206094682815,152.1338866174262,148.21511418161884,150.1463027183867,149.0582895355003,150.01176618093473,155.1303741458048,163.5692650674652
90,135.7935448070687,140.67533374266498,148.6500877792246,160.43910541210192,156.87182445889536,155.4457649361485,161.30428058199533,158.6779549683758,151.29518723409416,162.96333016769674,156.53185535696812,151.71217223767368,156.0086215953794,153.9282037062365,150.34802668536807,151.10544319845917,150.28755573856935,147.0991709530848,157.2956480454413,166.1043646509521
91,143.61238150254314,140.95133938686217,150.8485500926115,158.36975437556296,161.26252164272327,153.1891471196378,162.0081525844932,158.26501703758092,153.75017800571422,162.57247618977752,157.14272196638217,153.0557565128882,159.1908471690806,157.46484443909824,151.00431095226372,152.56146427573597,150.62717150305122,146.70616385934647,162.45645942653874,166.37947230656712
