n_policy,pack_PPO_BipedalWalker1_100,pack_PPO_BipedalWalker2_100,pack_PPO_BipedalWalker3_100,pack_PPO_BipedalWalker4_100,pack_PPO_BipedalWalker5_100,pack_PPO_BipedalWalker6_100,pack_PPO_BipedalWalker7_100,pack_PPO_BipedalWalker8_100,pack_PPO_BipedalWalker9_100,pack_PPO_BipedalWalker10_100,pack_PPO_BipedalWalker11_100,pack_PPO_BipedalWalker12_100,pack_PPO_BipedalWalker13_100,pack_PPO_BipedalWalker14_100,pack_PPO_BipedalWalker15_100,pack_PPO_BipedalWalker16_100,pack_PPO_BipedalWalker18_100,pack_PPO_BipedalWalker19_100,pack_PPO_BipedalWalker20_100,pack_PPO_BipedalWalker23_100
0,-111.20492732789424,-111.52935657453578,-111.68906902602453,-110.74363479504696,-113.87719258181168,-110.04789402364491,-110.87574015664023,-110.47025178719632,-111.8075103971269,-112.71637397431596,-111.25929230958651,-112.01904691414238,-109.40838772703806,-111.43756171700544,-112.58686214714864,-112.30204940692842,-112.40178963370025,-113.46075588482184,-111.41586320814037,-112.57925953008584
1,-110.81688164123187,-111.1907756468693,-111.7522077735144,-111.76558071362102,-113.13950442452682,-111.08177112729112,-111.22774316206342,-110.30243877038912,-111.55232888598928,-111.66173037777946,-111.46064483835188,-113.29595391768612,-111.92618180792866,-112.38199432807188,-114.89551136030816,-111.29246177141177,-113.45066961390576,-111.44617380405153,-113.24647768488546,-110.5102379863648
2,-113.4965171192732,-108.38821431420467,-112.67247046346996,-110.61708931579138,-109.36445472703475,-108.353778318915,-108.79139202144346,-109.59563558141905,-109.89710951218557,-110.53848807856644,-110.32182094955355,-112.37208482352638,-110.04749921668495,-113.35612066159928,-109.7793784578648,-107.45687692733634,-110.3459810731998,-107.11645899260007,-111.35323558026415,-108.7040652545914
3,-110.84974181980768,-108.01634770260688,-112.67097520062975,-108.7455044909312,-107.44454931739268,-106.50934195969197,-107.0226599560042,-109.9357623950491,-110.2613929226974,-110.51985458023496,-108.8229087976084,-108.99762799541656,-109.30964472724358,-107.7755876819168,-107.6826998013482,-107.3760206652333,-109.39407663344429,-107.77338295397756,-109.50251636502055,-110.11847115591168
4,-107.80376107731996,-104.94837563964133,-106.5111537435216,-104.29983138051146,-105.00016420503904,-101.26374909536622,-105.2538506492757,-107.88399704835696,-107.85971292941692,-108.06440596708998,-108.21014643064416,-108.4503611219788,-106.75172649496828,-104.58799440325004,-104.1456914532221,-106.79789058768291,-106.00918865820452,-105.11333752456063,-105.71139178659912,-106.39603155233608
5,-100.80452311015485,-102.27051099633756,-104.79705552870072,-100.7092582120982,-102.50128091118502,-98.29664854962584,-100.98075899227275,-102.9036589102773,-104.50799032346607,-106.5764739384994,-104.92574197202194,-105.60352303747902,-102.3612259191242,-99.98683889742038,-98.19887804646744,-106.84190622437325,-102.99354702596756,-103.12343207422498,-103.6336071405842,-103.62322420766576
6,-95.88047246758548,-101.14011104013088,-101.54616235569848,-99.22545102750593,-101.15958872613176,-94.9776291411568,-99.6661332845474,-99.87717671541948,-102.66351865460224,-103.58749578136762,-104.31186151258213,-103.3182437042307,-97.9064437930684,-96.87199219862812,-92.76200604046971,-102.9449761843656,-99.50160513739073,-101.10996063428232,-99.38360246258016,-97.88810262145124
7,-90.40940440642196,-98.54835525612768,-98.0149339930946,-97.4514528305194,-98.9660462442573,-93.68033542556512,-95.34474374641832,-95.06011329535175,-98.9128039170822,-99.53285949886472,-101.78822795972351,-97.73967001485572,-94.94010323433886,-92.91726854462016,-88.0457812074016,-97.238056465946,-95.80475522687426,-98.87432722396522,-94.01650460062976,-95.40142370845336
8,-84.11422517678483,-93.11787236589068,-93.67489983228124,-92.5187520768822,-93.9683542681305,-87.1809268421003,-89.68611221120722,-89.03069064068448,-95.02500483575923,-95.92679055071844,-98.23915927512262,-92.2997453659161,-89.64605100144614,-91.52839668311964,-84.44384320511017,-94.39425107437091,-91.65949577895836,-96.89384059143194,-96.11107655852304,-89.80917839595553
9,-78.15740097848683,-89.99676098440196,-87.08970627967182,-93.17266933083413,-91.42916275972324,-86.15477447351935,-82.10796517955896,-86.56327864701554,-93.09345524216684,-89.22527721074759,-93.84498324131826,-85.70511859310092,-83.1824464142829,-83.3643108213594,-80.4997316791206,-92.39190710216236,-88.68530362285702,-91.96531088525256,-91.6500902755376,-86.60052894772234
10,-69.33373117038457,-88.29903751547914,-82.1896563745568,-86.67713733368845,-91.58183853040288,-80.11000793504019,-72.5753932852979,-87.75576353836455,-89.81125615746416,-89.17776154235878,-91.94629203987482,-81.370047128945,-79.13722136730067,-83.71578924377755,-76.3591388168148,-84.19839337067643,-88.84762100490771,-90.20847922891087,-91.65413440528728,-79.58867589667585
11,-59.05614946742382,-82.26022125446238,-75.48169897513421,-87.09444574085181,-87.44316384654347,-74.61238604818841,-66.80786589097224,-81.60756789302773,-89.88545517379262,-87.7578486579028,-90.2906011559628,-73.35614412988856,-74.71735343145468,-79.4553777268462,-72.27045489868993,-79.84070183706797,-86.75728487756074,-86.6163844866569,-88.55778456587898,-76.88667341485066
12,-51.98055132151581,-79.02873411635315,-66.93905906811037,-79.99233974220057,-87.69303738915085,-71.09568478384172,-58.92411695990559,-70.69364197071744,-88.35095559926016,-84.77750074681374,-90.11209091459466,-67.9614501499178,-67.97096614702765,-69.99871934009192,-63.20902859126291,-75.92911467744663,-83.00676813609614,-88.56019752279332,-88.10700383734125,-75.04472442899336
13,-46.43267832746759,-70.70847110239323,-61.488062904891706,-76.75306991634687,-78.0894604488033,-73.83245047964301,-48.79855586081329,-62.66458704775563,-82.5215499493711,-79.41132546114561,-86.58651636253443,-62.34990475005165,-59.33127246445045,-59.85289751853794,-48.12229616260797,-70.33774337690309,-78.6743363352237,-82.14525781201911,-85.17980395007369,-65.19684530178827
14,-34.021921051674,-58.25063043429895,-55.28769123439066,-77.1900156873875,-77.41283646935277,-65.66877109278096,-38.26956401257739,-57.75649612082227,-80.50868419764883,-74.1428126422665,-84.76635510914275,-51.31909413723319,-51.78827506417584,-53.984632539676674,-41.00695365321459,-60.390339631390674,-75.32246570189716,-79.8229437010445,-85.6097173899447,-57.38985833905128
15,-18.46655824815243,-51.013943722675904,-48.47827515683414,-71.3035174341366,-77.67453391245071,-59.85774873927425,-24.939048356070344,-51.75026667213242,-78.21559027576848,-74.41779361506313,-84.97329789747164,-39.12034837198778,-47.59401305656342,-50.87501320214418,-35.75534869365685,-54.42655842066008,-67.88906196704528,-78.5446802874389,-79.59656371494755,-51.39834520747696
16,-3.012436280047841,-41.91672163375304,-30.52719522678409,-64.25881777138623,-74.0062280394914,-56.51322117701573,-8.624203755218186,-39.04098808402981,-77.83338688261865,-67.4300023067338,-80.91786497572313,-38.40594315161324,-30.35396976625867,-45.26160355358697,-14.698242454056308,-53.78781162364277,-54.65772231296185,-70.36888759482376,-76.47213492239753,-37.21036333907709
17,10.57798378320309,-30.61420938055205,-17.760698985998168,-60.15371966700361,-65.61921394482516,-54.38597111932712,10.561260713039664,-27.418370988747338,-71.0605600204441,-62.61457348756783,-76.33846198829451,-31.568029003923584,-11.961595077094971,-25.733448098040025,-0.3904670407308731,-47.60559262342184,-51.674156085096186,-66.45508650061267,-73.62979229069242,-19.223513854970296
18,16.10669134577067,-19.201685502778563,-0.5949514239639393,-51.90676269484349,-61.791165117532216,-32.97369529546431,26.26422087735424,-22.409034802294045,-68.38258369898278,-56.9804451170552,-62.19276592192364,-22.61138940355813,2.246236669227073,-5.408177909188234,1.7289929382460831,-32.858926089398736,-37.86886020324877,-57.947542289062696,-69.77560042503669,-6.027539672472049
19,18.95617590475216,0.0745457350011565,20.38125283331756,-45.29452275650503,-56.72845397368656,-9.786812101734975,38.76122879380455,-9.004692852642766,-55.37363585011059,-58.58960525051196,-64.17939430967155,-10.131806336507143,16.737979756860003,6.382363743513706,17.226711151690395,-17.58142963836726,-30.36139155810539,-54.60772008468164,-66.62845706163061,5.753460379066964
20,31.26287568659856,24.799539410724247,22.847336957847872,-32.75174740855466,-48.0611011042296,-6.836145084279269,48.09236251069517,7.762220035632636,-56.87027862122646,-50.0058647066998,-66.16684137125878,0.6203340119529457,31.983250979334407,7.7684465639686096,32.19383734848452,-7.592886973860441,-27.533730659179128,-53.42453740410871,-52.85435168912758,13.786085564659295
21,48.79726966354836,34.09700409790377,40.37323533229588,-31.81749239362747,-43.776390362435926,-11.4237233482585,58.69790665328336,20.398169623181165,-51.21898881315821,-35.36490611877671,-56.60367647548264,25.07603708155264,40.36662492465111,22.62747256156581,43.16365464557995,8.153644972658366,-36.4886028839073,-41.96220625160233,-49.87320982516751,31.90642351288436
22,57.239182711062746,40.40796559328504,67.0244807346612,-26.73598899751494,-32.797775495351964,8.097345393155411,63.396601008068025,34.6140097814356,-44.51785605691155,-25.87243425943685,-51.18771424597478,57.16281456797748,45.96984117775341,28.416926318978074,46.21271237471578,18.19220790091524,-35.284932955473195,-21.34831133374188,-48.252265703129815,49.17182774144661
23,66.23763795119216,58.77527987154986,82.177225348543,-7.836735838456661,-20.780239348024622,16.22671875675267,77.05381439844118,35.63090697565203,-34.0395927167061,-12.030185622257996,-40.02990910512861,62.352085563229046,57.70082497726253,35.71650497349794,55.1919748057994,30.9995350823857,-18.475193782862625,-19.30078228167302,-37.675058890834045,69.3149050357024
24,67.05218455214622,77.51581057884542,100.33119774121252,-8.14311594114959,-18.31816177101908,30.34834025742253,81.83015904542437,40.6737716937199,-12.175115604035543,-4.304089925515509,-38.18697784245611,78.54590345860619,77.16443361947516,46.36770380626142,67.54328487792606,42.63867252647964,-22.68584635340405,-26.013272179316264,-41.515041574857605,77.47788744782723
25,61.7046294209396,81.27858533188105,109.06815439856422,-4.384860840235633,-16.74218306076131,54.36738342809898,78.00975666862446,49.4267037197054,0.9024051962456542,4.519089178627546,-30.80204728787357,107.30262293005552,93.51482625585253,66.29212177199369,86.28201239279224,50.49604529444885,-5.849895518534322,-7.327048130282783,-25.2022841779617,75.1247438445971
26,67.98573085072901,105.30553127227932,122.167184447021,2.404275666777248,-0.6037241355665174,63.01431962647115,90.07548995613062,54.94228702663008,9.902919496996038,21.07438133554133,-11.934784665350453,116.25887916987048,88.66858111455134,84.19944519415775,106.5093005094389,52.35702424833522,18.27622020716648,3.166768691299512,-16.110461802661884,71.86237859431304
27,85.9681305727562,124.37862920443148,126.79563738037658,8.976362183646852,25.6665518651934,71.89091901218289,100.28858249313284,68.9171185256794,21.81289831228081,38.113484581620575,8.54059121326718,107.66185481013991,83.0334702776646,82.26052133590012,119.06884186187614,70.45841560068322,7.093363834136981,11.142023117829956,-7.193384088626772,71.88230170082737
28,88.08302359471185,118.12520616274384,148.7688406168617,-15.04022560620826,34.91741713093972,73.09223817224905,110.48641381708993,86.06335780837864,39.82530809574578,50.07495372352001,21.4973931145182,100.1933447047668,88.07039891426743,88.3104281807829,110.5268610770283,87.14587230415069,18.973730175011152,16.265031771127397,1.3642879467859166,97.48519442597085
29,82.99048469237415,121.3360308352363,156.29292019412185,8.720265075441711,52.16116910993289,63.755040747117455,123.27802223977136,98.399474387863,45.53808516649413,46.19633445893444,33.934140772349856,106.1468939800751,90.2180264281659,102.4141167470868,114.68749539730824,87.53226048684475,15.79053633643518,25.3367481626432,17.488570565113914,109.14007808513443
30,94.610763618528,120.73461279570562,159.98223909093053,39.677217787163535,72.30867863151441,88.30229785661854,126.42591054194185,108.30287252444396,47.87395615480055,47.681489859814754,46.969270008451495,104.71666661792813,101.70210213363578,109.2155126871296,130.6128230797172,92.8774685806944,35.22295899684425,30.42330494126392,35.32269768786471,119.74818756754657
31,114.33190709763149,110.04907957883552,166.93182658487393,62.58818903566484,77.74128039489646,113.70714000011824,139.3144358065455,115.17279175376112,53.5689122860317,54.92597093323595,41.31883659440355,110.27022878016288,115.99138033454336,113.99555583094212,126.73478674216037,104.3691723337122,43.13387644808903,36.32241322709815,36.67287679110603,127.86332901959322
32,133.78835309802523,133.67439416160255,182.26068478792672,71.5179288124328,63.92021357914229,133.34233482196868,156.72913876362742,128.15408216202368,60.49963384461749,62.47738243210392,47.8018656833125,130.15628341673974,138.32433427278696,125.89208209370352,118.54666724387528,97.42452747000178,49.827665183750106,34.23964766176432,43.999496448515856,145.4319475854312
33,132.0806916732197,146.5183564491477,180.1652129121753,92.40900200500764,63.08998341685219,141.1238359807503,176.19298070474122,131.83010635373736,66.4999600208558,74.36822042713233,60.6061282479312,154.9870301705152,149.0977606916953,153.81248893638724,139.04700827303125,93.6295787608472,61.67224979618069,38.86392637627228,50.29422544065739,157.46976066737508
34,125.15533101262308,141.5154706991333,197.6763220741265,114.61948438183462,71.24760310160957,141.30351925354304,183.9702064679211,140.53463583367906,86.08856618444057,87.13075696028187,64.11792885589152,159.85804622421855,145.17909403248166,158.89341637120145,171.72024847581707,117.03467795616169,61.43454562473198,50.55131463912952,50.60654338905006,159.20667580112334
35,144.40999044337033,135.8903470145563,206.05114379453764,125.02346570874012,99.93999302669616,147.21106870951917,177.5653236105363,137.1742486535033,85.2899615476618,91.30894818498768,69.78142360062324,171.05886463782255,125.2822206606198,159.75813530236454,188.25076384146465,123.44205545981102,82.2497684027307,87.17511306919387,65.5201575454093,172.1051422480437
36,167.75887782901015,143.57330638107362,222.23088877885544,134.72141543855048,118.1281771707705,164.48523655837604,181.8939157673213,155.85334635341772,84.14726030377409,108.35513904136562,80.53174868944566,181.7736412195556,135.36565162266783,174.03617072498253,178.88237531746736,132.4519322350755,89.23619578698708,87.79515629283327,78.22625313911048,181.4456184926157
37,163.93604174586625,156.3039134181896,235.33789731968776,144.06303436749062,126.96416514743936,165.95983828900978,191.79928783462407,180.83632456764784,107.80593187901772,112.07931562001336,81.33272085909238,186.02187055826013,152.352031699266,182.7874823131359,172.93676862718175,159.0909759486138,81.10228834939248,87.7725522459799,85.94522206346097,191.65727186566016
38,171.67839202460425,132.39065158033875,221.73099151567607,140.2926763328782,101.41248830526251,163.8384147303016,206.18609153199912,187.3848399876614,118.495961844002,114.68578796087968,96.41838880377968,195.7854642046809,159.31424199462694,192.70802465514447,196.38279772997004,178.36120051725476,102.8309833647337,109.29498286509158,100.56976827578676,204.674933771591
39,200.3333698721105,144.8713585661231,226.7810349057494,146.32489961235348,103.11879357592494,176.1116240316846,215.8982813786116,212.9584857268774,129.66102648454455,115.2492905219589,105.3622240982615,215.6104887566746,171.5438327022738,217.1577799032416,225.3836436706412,173.41631652353854,138.57825447281968,131.05772424269017,112.60341633512029,221.8682857895912
40,208.51773549148203,178.8282618481922,248.38154810479463,156.22232492523122,118.32116462826322,188.02791679659683,218.2869936176876,221.3744560275585,132.0219108072889,106.29513821605504,112.7334932260374,228.45548551266344,184.0960900499663,229.3341461474392,229.73815126525355,186.67272998052155,150.5369268558966,144.3133461474703,126.0352027963032,218.14357404358103
41,221.54289876444005,198.60601966355404,249.9329957551272,169.38538688768233,119.88017964512066,217.84474387394468,235.48161205236767,232.74179532890733,132.5955682577748,113.39263260690755,121.18437684223856,242.0038629721693,193.47294882797112,230.0372414706489,229.7878024622464,213.7799255338728,154.81778034201707,143.22543663786158,127.6656275702003,216.7301491231048
42,208.08964657509844,211.8394757485691,252.5349461607545,204.06004583224893,123.82272447237236,226.54103799216813,246.9247863403509,219.96932914622536,129.53282836883795,129.3615064491032,135.53794119633417,247.69316836349023,200.60524929560984,236.29344161658577,236.9700653186659,221.5575418006024,132.0927078400846,147.74311770595028,145.72088368530646,230.04339896513
43,191.8875910770064,217.69849360749868,252.2117964410928,208.3429655702066,136.24279101809574,223.6932752427637,243.6390539468109,199.2118179021924,145.71872068993224,139.70828957167018,153.0798719965457,253.7050716192388,180.7470938982471,250.65924890413527,231.6603672022888,222.32376063561765,119.09705799465505,162.89566097109287,152.26576834234,231.5858683609217
44,209.47785067744584,216.85449074947616,234.71445088044004,217.0170750259113,160.31274284273007,226.34526576515373,236.98610717525293,216.0586422028243,157.51012963539165,155.3448604053157,145.41762990457718,252.72786619820727,181.43240086994933,259.35418151676,218.35455567449503,192.65267798595423,132.53110685897352,158.87246327153335,133.64519326365726,243.59692248999343
45,212.9225539837236,190.5531464521005,250.84277925891416,230.3976035489864,152.2796503018131,238.66864069122445,244.64148599039825,248.1229538060245,164.59560760986497,167.9594784535939,152.61339552386272,255.0897053439512,193.3062301774505,261.3374286831063,220.92138385250465,199.45366354577823,142.97662014979463,161.3465156041876,126.59015007169626,250.61416672171296
46,225.1962296269137,188.2360167455762,263.05079731371256,234.5083641701941,149.01981793296653,251.45498839195963,236.5625774624302,237.19799061917988,188.36235415915928,152.66480977688073,162.00131545134195,251.8005291720744,203.54141534409104,260.8493256717288,244.51146933954368,223.9346303049041,148.59714795826824,167.9583947706342,146.6115236281106,245.17753228953936
47,232.8815516606423,201.72573023369503,265.5542077881022,239.2310988094845,172.6010227481927,256.5632460411839,236.58491907477105,248.27033715549248,197.19861562809035,154.49065378672822,167.63608645877628,247.5121860944674,221.23152369427248,263.59577212320727,260.5113376432592,214.20348161004804,159.05233549409175,184.46517753917,167.67642358443132,246.7367195966134
48,245.64084791832605,217.7514472128739,270.02374498499205,243.79225647961576,188.07902236840167,241.54187417892183,251.4242390798738,262.18022740802087,220.5943665491233,167.21116658577665,155.61981141414566,252.50866589267827,219.46433316307127,267.7647911074915,256.7018828988778,225.010939484314,164.45193795543963,187.04657385440544,183.30215430394964,253.8138066744241
49,257.97658832505624,226.75124861201093,268.01611795251955,256.3657214716129,179.75000331151503,230.63693822029484,250.34536189665943,258.3387352489584,227.22749577926268,164.30675152157318,148.26087633963718,252.1650147282965,229.7936885487865,263.1769229435947,256.1604221585441,249.3840567516908,167.1401964929281,198.1129084453552,170.44395278018666,239.9088920114655
50,256.88249154896374,224.7644474098504,267.2834272752644,257.7715569736354,208.82649576414173,202.2419678024072,260.62626807830907,263.6880479803178,224.61704757285844,162.2204574474567,165.84275504765537,253.24032280954344,236.48909330679905,266.8515253324292,257.7018083770835,238.8346304547412,161.95779392206347,193.50136432378,157.5197501039572,250.9468079962756
51,259.1685667862967,221.8137009576858,269.7413668623421,264.02527062479464,207.8387775779066,215.1887436591013,250.23625195263512,256.4320883934308,222.60241012640253,175.77672769890052,183.8250699268096,240.24403505660945,240.29413417382528,272.4653003058795,248.14361116881045,247.58182017813115,162.44805711262077,201.0099651414578,172.34680653586474,257.9552730588321
52,252.32570653909352,216.0553420045652,267.5659143806994,258.64692795130645,196.0475323424286,244.6471817444153,249.8244762176101,253.70813156043675,224.4666625021448,178.6856611102927,208.9472320812337,236.50056428716417,232.7778028764112,269.3397566399774,254.59978122670728,256.51280458739814,171.3655811453212,199.82326149488188,191.17442776868688,251.93476309742223
53,255.20007084077747,208.22858578945045,254.8185162398388,250.4058693631708,214.84491180789075,253.19323132570207,265.73071585483893,263.7245175373257,230.8379096472892,189.31515288290467,221.17510496147253,255.91407371511391,239.6668198879672,267.11281109063026,261.3580774433358,254.7499320276784,186.0328261520536,191.98303267529,197.54855103114969,255.5195142669405
54,263.26744106228693,215.31503565480327,252.0459757642664,262.2232742285472,204.47305542026908,248.8976622647376,263.7498006870153,263.4240339566371,247.1658187886418,200.0917231622232,228.63674981742253,267.91287690069964,240.49449484902289,261.797895934934,233.59548100097336,250.03078492605164,169.95238481787032,195.3465779218817,201.9897499226907,257.7071556180896
55,271.98937819666344,228.33524302453253,268.09479560345875,262.02179232075696,202.1988245043982,261.7503223428384,258.38030685497654,263.5012571424985,248.59600750995304,209.8390603298444,230.673444035484,265.0752027545021,243.54640702062247,260.3946588132322,242.3724634105803,241.5265607978971,180.14529406186105,219.98274950117863,215.45948279475505,268.2405323481554
56,269.3289102502936,258.7647481035677,256.7973417688685,261.7132160342502,219.8769276443054,252.6885535353184,263.98257020867925,270.7462237481895,253.2689211875663,201.1589440703244,234.95986712169545,269.1405469343871,240.9053532722225,269.7804984432016,265.8122851418044,245.4280530308679,190.14333679630568,226.56413798410097,226.3211609238363,271.0553684020872
57,266.4437354700873,250.1381782522461,266.457366304521,264.5068439091719,220.26676706609024,249.3633488955596,268.32096969660995,267.35703996507783,255.5725311942119,206.61014389484552,230.9662951460952,269.6531550796976,244.36959022503385,270.69535291948296,255.7615779102064,254.9382307457965,174.15149618607566,226.7996574285792,226.6239303398307,258.39542188967863
58,273.53443838692385,245.92816196697547,267.4763113966648,257.3636166049546,235.10203560250287,253.3600443311016,267.22908721499743,251.6447467756232,258.59386363661235,217.99096753076955,236.50461557299425,264.11715491190347,253.58400370693184,271.1562217612285,246.6544462784328,261.5111507921919,169.22361535867574,212.4575099594798,212.168536788301,257.3475591743021
59,269.1906783089516,248.6064198816516,268.92610505155346,260.2111457364008,231.6313030320428,258.7887173581592,264.210509312317,248.9342217645977,263.42812868506473,232.1116538198383,244.6878890145324,261.28986234858485,253.7760934440581,275.2525799282102,257.8250541694558,266.9264869215101,188.3295163782475,211.0300258897329,228.17682676575075,267.31833915301803
60,263.48596548282194,244.2988302822251,275.14232736809936,253.3050025235381,205.749533183188,268.6055953631317,261.07466439010824,265.2596273119026,261.3930196324398,227.90948647962912,242.50559192537983,251.5077188613586,255.58222518809487,277.48371247788515,262.8637493358602,253.14370514774404,220.1559380018797,233.6650949606036,249.12924635806385,271.1409478475843
61,268.88316194954564,256.2311261116853,282.03661853473807,256.38691391033205,193.1512474976841,269.2952883740683,267.63143783936204,271.8060567061146,259.38728395173325,227.19704651502656,237.7363374247221,243.57243250412023,261.59443734707014,277.76245470227263,265.38958453687724,244.3335952981652,236.96848732943093,241.3471386227537,248.3121226061841,262.4975364300823
62,278.34446486206434,262.3310621666932,281.52765139389567,264.176355436678,198.7963535575343,262.44600301307946,267.1228864397289,264.4707369089272,261.3028530740955,232.0175077913105,222.8436679144339,254.2153474314337,259.98895339597965,277.36393187778305,249.60816379387225,256.7098419937602,234.0128879184554,236.0021215420328,230.11209693715617,253.0340540958455
63,271.05936346260654,258.639636108143,281.86535710174064,262.449555741612,217.80876526555247,266.4323090670849,255.03308651211344,266.1326905740658,267.4735203064325,227.96535996504736,221.3691412839412,266.89659839026973,257.28691313853386,277.7147578861721,253.9457090891493,253.73601701498995,220.0871097666765,222.1868928731953,224.48054380311584,258.0266092804779
64,271.0534340321837,257.0304424510878,274.4307006731123,265.5856910674585,241.30014977666485,272.62729558512046,261.83260147673946,262.571205221304,262.51522467979186,234.8587587777214,237.49087536947832,259.0555113216497,237.79255047830287,276.54142459916824,267.6491397801513,248.87020450401167,225.5999980929784,216.3895506175235,231.9368469909548,255.0048752893337
65,278.14587292224024,263.21167723123966,271.88490117901006,262.5267790390106,240.1803038376468,273.0050514088549,263.9962342259439,260.50138268879266,260.6128007292063,242.0441202955681,241.7218858204976,266.38702425660915,230.6350155010097,270.6534370556416,252.1760051882689,248.84555080361287,218.8973744816329,234.6205300958609,235.37877811225044,257.0908947864063
66,278.34265221251377,266.53804186390835,277.6267445711058,260.04681605414606,244.2396330244184,260.6944290888353,259.50949123060155,268.22943201447083,267.15439225055155,250.3625639515448,242.70823818686725,266.0492803374646,249.84449731710424,273.40264061071883,256.65208354654783,229.2520331042708,230.109630960516,239.2851103257117,229.126499570304,272.0641500678484
67,278.96134335953104,264.28724853135367,282.593038858382,265.0557252379309,253.42371721187288,263.8272140921162,263.54408946981914,271.86160736364167,260.25904553734074,248.834001200798,257.144924860133,264.83324325897235,258.9890157551062,274.2302439578914,265.1267204463971,215.6358819782643,222.7423684803976,248.4330583158339,235.9922731743333,273.51554300279065
68,271.7265395799576,268.0686481788743,280.09771287196315,266.8920776377662,253.32633966357943,267.699958101573,264.5425324811196,270.21064940187875,256.6322680188276,245.21592384737275,266.7499535548699,267.66002125178915,261.454563103306,274.477431701246,263.26988319972673,220.4696755974312,222.7321821098248,232.66719000290584,231.605472095687,259.24071692959654
69,270.3778099194012,273.3892445219815,277.36097826152223,271.71134102410343,244.8199965008741,260.8115384139639,264.665408303494,269.5266156237724,261.82577640476035,246.99759793068924,247.4855944966368,275.178194209332,262.97394072676747,280.74966100561784,260.5455912384618,244.6456249090156,245.68588958077365,229.47086735302443,230.4100801071309,250.9286263124669
70,269.6778453656001,272.73250245161296,280.06181924994075,269.86929654342794,253.47860842092345,259.2301522175097,267.53338111923915,269.61913299074746,263.166676158619,253.20125893383067,242.5441031520834,273.26221919918083,258.56392146126046,274.3637811725584,267.2340494065586,266.9884540051807,234.749446539013,243.39631297200663,232.6838320561772,250.64181512077687
71,258.4679024955328,271.323616090676,283.08481929711854,269.1439685359463,263.0893190391609,267.19420578578195,271.6358276282781,266.09247147448013,273.0278268865563,247.0973928349324,250.8338936603812,266.14118281267844,267.1295481095309,274.6964312964941,273.72717322602546,274.5307068795755,231.1561534503987,247.3169373925737,232.7049395915421,238.77482171666284
72,261.49161704160565,272.0627723728074,283.64349461316453,265.08761626402384,245.44762844058369,267.8886104220753,269.3937507044632,256.24515794711243,268.1115888341362,255.4886534295132,251.4092201480572,269.90078413119744,267.98826622936264,275.8057650669012,269.7876498552941,261.8582277009762,259.9428061700551,255.6564353771433,235.2629873448365,235.11776183987809
73,261.56621819314256,272.49427534664864,284.3461366541593,264.44354662268927,241.1161235649156,274.9925704053905,267.6075290380909,256.65682419936246,273.05555069638825,264.99014265507753,257.1899493806719,272.4219504831155,264.43512479924016,284.0766040462536,273.33314676086883,260.4903086015061,264.4010707838141,256.70083786600253,212.220454786958,230.91159672272283
74,257.6747582603863,266.8556850282528,284.56901515415115,270.64630721332486,253.34228837973723,269.23837158990284,271.8461816990402,267.5697594728936,276.27270914055697,270.2615551501492,256.66669813666806,274.58210281549515,266.15850674972694,276.0997575254692,282.35176739058204,263.7515674307384,260.5573209476724,254.5480257417605,211.75763335453,227.37200743465053
75,257.88142022828106,263.3290275468532,283.8837651307799,269.5854194754345,245.2382959796037,268.49947537473435,264.398358335559,255.08261909495545,268.41802310067754,262.79182631215485,259.0007100649333,263.7792292733904,252.7616594173253,271.0474037243242,276.5066935546269,260.8417377878832,253.8914466970164,249.26888156660624,229.1093408526733,242.53424276626595
76,264.9062017070415,255.8902054556765,283.4532300016153,264.0314543795167,218.24620238498784,261.7338773946608,264.88142821937186,259.08353014966383,267.1113295667665,243.994329427263,267.7005649318393,263.2460855906489,238.7961358603144,270.1324272511512,281.5564904591127,259.5762965862273,255.8379919678389,238.68521108230863,235.0602761912474,264.2068879757269
77,271.75888638931616,240.9334449341739,279.3397833026433,250.4629670298955,201.26902072578844,253.5598152935124,261.24619649250525,271.4444078851427,271.9728989270458,245.14189979667103,268.2032198895211,267.05458355217183,254.4426981277387,275.72585814179183,280.62620518826066,252.880732294684,264.62852713799253,244.3144640791544,253.9492221878312,278.1262390175212
78,265.632297584808,244.91175740754807,265.82340446080605,249.7099578525132,214.2100791023679,250.96213411713777,253.06413138788903,262.07355980362246,274.5501908735756,258.89856857170673,270.12401550566545,269.93792808057185,258.61702385834127,271.4509793559034,272.8731886497294,264.6090903288388,264.5608914626562,251.48731525943148,252.50998435772897,268.65314224038536
79,267.61530585645056,260.50270439494227,265.71990907181697,269.24489776278614,241.96926794040235,252.47242264982248,241.8515910546025,272.1803126172116,271.2063676535474,259.5481829146392,260.89024590116287,274.42617663558923,252.160722546872,266.6857071018673,271.25206206526434,268.4829303700736,252.79866854382416,253.37761635646413,228.3073975698027,263.4224773554847
80,271.8132573356171,249.63102556548893,271.8035173578572,265.036421634453,262.1685915176332,262.66783126128774,249.6752710526117,263.0352188421303,272.8839897166162,269.89333904512387,250.2748212822416,275.39902704645004,258.13902255686526,274.23266606201594,279.133349293634,270.04851395509047,259.468108209045,248.0458075116796,244.0736972031768,265.8259234635567
81,267.5409148596908,263.41793913507775,278.17344797687895,267.29077405468007,263.32662149857003,270.9142283803344,255.31263270566137,259.2646417773108,270.02280707335564,279.7708400992246,243.36217277738788,270.4896798085084,262.4605771327269,283.5219593079865,282.95360715013027,272.0140940569537,277.18891052423874,248.99714259063785,242.7140445578397,269.76244088045115
82,260.3828165334264,256.14105284394407,281.4459050380782,270.1702210835394,246.86449643911635,263.5017305776014,253.9872913446908,268.2784022115899,263.7577434956457,279.10618928050536,229.0029155805256,269.23713787615884,262.27552084069526,283.7624786269478,279.33126256645454,276.27272449489845,272.2655738077861,239.80747864463964,234.45841541390985,268.9389868783686
83,269.3243739643274,259.9250481011462,278.0901740219834,271.1041018988419,254.6503574056168,251.81278977840927,265.101720470727,275.10499098451805,266.34439841341634,279.5573297411434,222.90774814969845,271.82886294550406,270.9585378852328,278.82210448356693,280.4078939739694,282.86460002182434,265.29818103748664,235.26657708769605,245.50840132856624,268.235643021875
84,276.6181022807851,265.1437094279422,277.6297734479158,272.4629924922981,266.0128901398035,241.214464835462,270.7848883254503,280.32826510568617,275.7228973755443,265.3691811628191,237.196996169494,273.3332999195045,271.43130751618577,263.47501920154434,273.52870242793995,275.1130094228588,263.37090395365374,245.85298642884445,257.6866439977932,272.47683569026105
85,262.969817967852,261.9323940414673,280.75850889889904,272.0833693646899,270.04065347401587,241.0440221802349,277.49976002223934,278.78146127092594,264.4312471771177,266.45036286823364,232.60369460895265,280.91165059367194,266.8061511654372,276.2047649666108,279.58791987301987,268.5957441070373,266.09682089056486,256.88057922571227,267.5920396418162,278.99445294993274
86,277.60074586522825,270.520671478493,280.9223304515384,276.33108913806325,275.0656081809383,246.9343678873114,273.16585489589806,279.6358206508687,271.4448688417321,280.7205745073201,237.75902809763647,280.4685188754779,270.3775400109451,287.6623526938984,280.5352257257726,279.44935665728843,258.2285515222099,251.18096914834925,261.74981564968186,280.7747453621752
87,282.4535449192929,275.1321753822133,279.9483586625595,270.3295858711583,281.92847684913664,270.6378684347126,258.74267355533,271.5681427001032,264.1762879726724,279.1612212252806,231.8655356092911,280.21501912540305,276.67248781110465,285.59994120894027,277.85984037283487,282.4462080925179,259.0749019991915,243.87195312868369,273.1818635443272,273.08073690152435
88,279.38938501578406,275.4619496528991,279.83653888950664,267.0253495999964,264.93760889465864,274.10021050075926,265.8100831594685,254.1948035668744,248.8680833610601,281.5413228853108,214.40599015177432,277.5273592207719,276.8180781707377,279.5650475207523,280.9407523250193,279.4303591443372,269.50579535236204,221.545873022156,280.7643460131253,279.45662724182125
89,279.07506663543404,278.10087315427137,272.43473871843145,257.4701498457068,248.9722738155368,271.2922659920661,271.2305186207461,250.3453034439609,268.1080312570767,281.2590990493959,218.4759701871284,271.9692646500544,270.7504444955435,275.6007442367176,279.46871541418017,284.30540538231696,275.00331879509645,228.02644339250168,288.8081970563921,281.52020175233656
90,278.48155225737764,279.17690873880053,272.7332405538537,244.0391424293705,257.8298339746974,255.7697427067677,269.55271394546986,268.7693649863889,279.75706102442405,280.0679881035519,227.7558423525258,271.6681768814317,268.83066985302634,276.6653996446694,280.0350379389458,279.7941721904115,269.3413462919829,247.58447272950607,285.51349169983297,280.26311787203826
91,273.28312341522,276.7750780905076,281.1184570917167,245.7395984816359,257.391333465486,256.9589018974884,278.32131129210904,272.90884055334203,276.9024791923894,280.97798153704645,245.4114666912965,268.40045247886303,272.7516977661281,283.3195431852242,275.0829488677817,273.7091896922351,265.7388419039367,263.89032805820085,279.4235561634108,283.7472791726192
92,272.045705998044,272.7483939775304,281.3782877596805,238.5720682923449,265.1299059154041,274.63189711249373,281.5184153286074,262.2684069615396,271.8840042410162,278.9467438001992,247.20259745324424,272.4632224969621,262.01207897596674,285.2629751771962,269.806611021297,267.51652083080177,275.3089506424891,256.37491056686645,260.81947384957573,282.6988570130995
93,269.6097791194207,272.9366876668506,281.1430251849265,247.2147712424933,267.32107585907625,269.84386257002365,279.6163579609111,266.94228116180864,272.95484673121217,276.8233543621245,243.7651732270886,277.2946497187612,254.66750928447843,281.2738019596209,274.9181147498675,270.07974528945107,270.47627578808346,255.60504202362907,262.0757976539782,282.4743803396338
94,270.3585451761029,275.71025390435244,281.00625846399663,267.4506421337498,269.81966328376615,276.97337986656845,280.12471896138953,279.13928233725835,270.5128420763151,279.4901229291418,257.0177592696003,276.6226706457394,266.49965222857327,277.39755335515804,273.4938357953841,279.5594728410238,269.74127587619586,264.8281786651873,279.4158258426742,281.01938958418646
95,272.29055954407687,275.8242865166426,276.705459294942,274.8242123220849,279.3257119909057,278.7287123143532,279.6646720474345,268.1693816283264,265.89860829943007,274.38402715327305,264.89059620979737,277.0909629751576,274.923324369944,277.56518597281104,274.75513581986394,269.79545641089675,279.9522683128819,247.7018958027449,285.80332132473006,285.63031176251883
96,274.0543398369711,278.92791758464506,276.9576255358843,272.6909024858073,281.68631420651684,273.3038869981571,270.081802660425,247.2811230609988,272.7507941901025,278.8233142063822,264.7847013539026,280.36911127169384,274.8198290061066,282.98289450794573,283.83572381773934,267.8319800572445,277.1485884372128,253.7767096094049,269.54685304833487,273.5354042747265
97,264.53824824824466,281.2078724971158,281.6540358678496,258.22477977847683,274.0085615199135,260.7579221580451,269.97935287522176,247.5690522941746,279.9423362017475,271.8629339592598,268.4936402210637,272.18065701951826,269.67029404786706,286.93304763682767,283.62535391033305,279.86834189821747,280.34306113342654,267.58499252224544,268.67773189320405,269.8030847841926
98,268.5394507532055,276.32009756131333,281.68647576427526,250.8326446897845,271.78732471974274,273.89015461380654,279.8657953061972,260.94190022714304,283.73988977896107,250.7995931901528,272.9701002999209,273.10538012243865,268.7192743235849,284.86110989991545,283.89785721507315,280.8242826552456,285.90783227917984,269.07870512930066,258.2456198827026,278.01726931476674
99,276.32344858640863,276.0856697603967,278.0223942478934,259.256204081045,274.6933813634998,282.4460298820369,270.571415927489,250.20396304545983,284.0138498792978,272.23577658740646,275.4140975852654,266.21856171660124,256.9848329911451,284.6732183744258,282.4932878513225,278.798237496838,274.4514464007766,269.0197077726282,244.628663187878,278.19614386919244
100,267.7622176547977,280.96635534584175,278.4763152712204,265.6227050205588,269.51255717261984,278.02893495340066,280.33202041137383,249.5786736638664,279.0161171753869,266.07407285467,262.7114688410121,274.8603457831079,261.7934950221196,285.0357834725935,274.7209703154134,283.35652392720107,270.9334618084479,260.1266458271028,263.4021479380553,286.9785781249677
101,266.0400577737414,281.84292836608483,281.64149681654266,248.20692172342504,267.1654503765138,277.23750866046635,277.93857382132643,258.0714935728388,280.0512458124218,249.2211098524854,259.97521482213574,282.6673586584316,264.9213589566754,288.17789654490366,270.3814956502005,278.093358199466,270.5647754347025,241.94377210595005,277.21797742207855,281.70458162596594
102,262.25811687521343,282.0278283624537,281.6646275755476,247.2273319392212,270.0510300004031,279.6821056030723,281.13978738220555,244.97127742646188,278.18632477159207,256.659499586381,276.69536405384514,282.8363594025988,266.2111318120285,288.7500220411095,264.3835553044163,278.26181671149186,262.5658054020093,241.68988134473884,272.81821889877904,280.8627386910448
103,267.4066200981062,282.4327531262487,282.38176369064155,245.37010507803848,273.9254488990168,286.86903043080645,281.0835897567877,232.65764891610627,278.49842761586655,272.4948301988456,277.3782534992686,282.6792130378957,276.18199175152347,289.4136756127927,270.1568980511721,283.5986859014723,272.731428475423,258.8546568951613,271.4678580468727,283.4541250542918
104,267.39658589641533,276.6579666033277,282.3551598946709,260.1629513268865,277.97087416024647,288.88234182193673,284.58283515685093,241.2216573683622,287.8031432946568,274.7207331899704,264.9223145818696,278.61192907512884,280.8327443581965,289.6690370166769,270.7206050899147,283.4446601575514,274.31318433416834,269.47177385490244,279.1222898035776,270.7701484055805
105,260.0952513994725,277.1729947715014,282.53311597854247,262.3841919272387,268.38538058034493,286.7811427440172,280.75588118968125,254.7269865186996,279.4163565027446,273.9246823705423,266.7032783357101,266.79537758440944,273.44275921808907,287.33539987229483,270.534868186748,277.5299702125824,279.30059456423214,269.8811918913314,285.822351661165,271.8187521833944
106,255.51236475032871,283.9011663727672,282.87450423537814,262.008484973007,252.6156505364948,283.77528345467346,278.92341857235994,249.9540431160713,279.44196434943615,267.95496193979443,278.5783096698363,262.7201619859256,270.67440493253133,279.8133844629693,277.8846518777909,274.603514289257,280.4897671368028,261.7746377854087,288.22599500096925,278.74952083703715
107,273.71968598591457,281.2099906292977,273.6017565997134,272.0305457800621,255.77000345110665,281.2416869182978,278.24199912774844,256.33197491770494,275.8080667042188,261.9277741366608,270.13538597490407,277.9226712732145,270.80425248693325,282.09888582678747,284.2502845618196,283.0101584896204,279.4416732102775,245.4703446378949,289.94820364650195,272.90168352329727
108,276.2564628895529,281.177155569538,273.33651448025574,277.9681355625082,274.5697547463071,275.03084159438805,280.1578530274316,264.5889696801646,270.2694616471918,253.6890616225064,268.56113400377274,281.5502387959752,265.2856957015587,283.7310524666321,273.5452887365593,284.3134615820221,281.0041679016664,246.73793131930609,289.7806131724695,269.4276122478661
109,271.4995757237554,283.01796202296254,282.2065486639633,281.93387875054674,285.04734898399795,275.6675562572603,278.0257110331808,255.49049393469207,271.30896462589067,257.0263288230376,275.29669395727456,260.00677589107306,265.41934683885864,285.51776450541337,270.79728097888585,280.2655937011601,282.90741419659287,251.47415505696543,284.48085994769576,272.1822999491714
110,273.3614030373617,283.1862991199378,281.9116154020734,281.78868513141003,276.6863238337083,277.7321860293027,282.44794408117946,254.7560395367828,269.0349660424952,271.63593104422034,274.5940390050283,245.4799974763683,271.6856769490335,288.6096556460293,272.9835188571271,276.2915331268603,278.2578883013129,253.1844422866401,285.40926946730065,279.7825525219884
111,262.57935192472155,281.8339042377809,278.00050023481367,281.6626555022265,259.2812258711428,282.85361415264475,284.48094243154685,262.71026746103803,261.8854245474003,270.995680255271,267.0350104723475,272.2689180153991,274.2201983473336,284.0503961293172,274.6062287720188,276.89118109462595,276.4944712652694,256.872308883863,290.7491940208507,284.874192153216
112,255.6667216985964,282.0185092263791,277.62713037937266,281.60266146631506,257.1595538610169,283.1196333067675,281.09209883011107,258.8158174778312,255.7425918394757,252.2830586365123,270.2956829364362,274.97909288979486,269.3051490719615,283.3586337453476,284.2801664444634,270.54835802329035,274.4444344565029,236.7360419154595,291.45789464883126,270.1764084406896
113,266.0444354912022,284.1847684027616,281.18523055285567,281.89111294501924,259.2799993515125,281.8379204641326,283.14189188297297,266.02942282728213,262.49684144896105,242.2762846351575,275.9794057383144,272.6882649416869,258.1764531265061,287.4804298250508,284.98301092636365,271.0478382158591,253.74170255331308,249.3546189546556,276.79151183662384,272.5101871888776
114,267.3102818412456,283.8428717871249,275.57706193545863,280.9588762078752,264.35133531260306,287.7108417901041,284.2532128869224,273.5078286065304,274.7595242854806,241.2471217428165,273.9630218914247,260.7919073364517,252.5412134962517,287.65031345760565,285.3950704311271,273.4948268453317,259.6946997842177,272.67075170928206,275.029799441378,272.6550639716864
